{
  "idNameMap": {
    "1": "task1",
    "2": "task2",
    "3": "task3"
  },
  "mappingInfo": [
    {
      "coreID": 1,
      "tasks": [
        {
          "id": 1,
          "startTime": 0,
          "readTime": 0.0,
          "bodyTime": 43441.0,
          "writeTime": 0.0,
          "nice": 8,
          "period": 200000,
          "index": 0
        },
        {
          "id": 2,
          "startTime": 0,
          "readTime": 0.0,
          "bodyTime": 83315.0,
          "writeTime": 0.0,
          "nice": 1,
          "period": 500000,
          "index": 1
        },
        {
          "id": 3,
          "startTime": 0,
          "readTime": 0.0,
          "bodyTime": 43234.0,
          "writeTime": 0.0,
          "nice": 6,
          "period": 200000,
          "index": 2
        }
      ]
    }
  ]
}