{
  "idNameMap": {
    "1": "task1",
    "2": "task2",
    "3": "task3"
  },
  "mappingInfo": [
    {
      "coreID": 1,
      "tasks": [
        {
          "id": 1,
          "startTime": 0,
          "readTime": 0.0,
          "bodyTime": 26182.0,
          "writeTime": 0.0,
          "nice": 18,
          "period": 90000,
          "index": 0
        },
        {
          "id": 2,
          "startTime": 0,
          "readTime": 0.0,
          "bodyTime": 200.0,
          "writeTime": 0.0,
          "nice": 14,
          "period": 200000,
          "index": 1
        },
        {
          "id": 3,
          "startTime": 0,
          "readTime": 0.0,
          "bodyTime": 123238.0,
          "writeTime": 0.0,
          "nice": 12,
          "period": 400000,
          "index": 2
        }
      ]
    }
  ]
}