{
  "idNameMap": {
    "1": "task1",
    "2": "task2",
    "3": "task3"
  },
  "mappingInfo": [
    {
      "coreID": 1,
      "tasks": [
        {
          "id": 1,
          "startTime": 0,
          "readTime": 0.0,
          "bodyTime": 158423.0,
          "writeTime": 0.0,
          "nice": 18,
          "period": 700000,
          "index": 0
        },
        {
          "id": 2,
          "startTime": 0,
          "readTime": 0.0,
          "bodyTime": 3660.0,
          "writeTime": 0.0,
          "nice": 9,
          "period": 900000,
          "index": 1
        },
        {
          "id": 3,
          "startTime": 0,
          "readTime": 0.0,
          "bodyTime": 110885.0,
          "writeTime": 0.0,
          "nice": 8,
          "period": 300000,
          "index": 2
        }
      ]
    }
  ]
}