{
  "idNameMap": {
    "1": "task1",
    "2": "task2",
    "3": "task3"
  },
  "mappingInfo": [
    {
      "coreID": 1,
      "tasks": [
        {
          "id": 1,
          "startTime": 0,
          "readTime": 0.0,
          "bodyTime": 276132.0,
          "writeTime": 0.0,
          "nice": 12,
          "period": 1000000,
          "index": 0
        },
        {
          "id": 2,
          "startTime": 0,
          "readTime": 0.0,
          "bodyTime": 10.0,
          "writeTime": 0.0,
          "nice": 9,
          "period": 10000,
          "index": 1
        },
        {
          "id": 3,
          "startTime": 0,
          "readTime": 0.0,
          "bodyTime": 64574.0,
          "writeTime": 0.0,
          "nice": 15,
          "period": 200000,
          "index": 2
        }
      ]
    }
  ]
}