{
  "idNameMap": {
    "1": "task1",
    "2": "task2",
    "3": "task3"
  },
  "mappingInfo": [
    {
      "coreID": 1,
      "tasks": [
        {
          "id": 1,
          "startTime": 0,
          "readTime": 0.0,
          "bodyTime": 148872.0,
          "writeTime": 0.0,
          "nice": 3,
          "period": 800000,
          "index": 0
        },
        {
          "id": 2,
          "startTime": 0,
          "readTime": 0.0,
          "bodyTime": 64269.0,
          "writeTime": 0.0,
          "nice": 1,
          "period": 900000,
          "index": 1
        },
        {
          "id": 3,
          "startTime": 0,
          "readTime": 0.0,
          "bodyTime": 137001.0,
          "writeTime": 0.0,
          "nice": 19,
          "period": 400000,
          "index": 2
        }
      ]
    }
  ]
}