{
  "idNameMap": {
    "1": "task1",
    "2": "task2",
    "3": "task3"
  },
  "mappingInfo": [
    {
      "coreID": 1,
      "tasks": [
        {
          "id": 1,
          "startTime": 0,
          "readTime": 0.0,
          "bodyTime": 10460.0,
          "writeTime": 0.0,
          "nice": 19,
          "period": 40000,
          "index": 0
        },
        {
          "id": 2,
          "startTime": 0,
          "readTime": 0.0,
          "bodyTime": 91250.0,
          "writeTime": 0.0,
          "nice": 2,
          "period": 600000,
          "index": 1
        },
        {
          "id": 3,
          "startTime": 0,
          "readTime": 0.0,
          "bodyTime": 149154.0,
          "writeTime": 0.0,
          "nice": 16,
          "period": 800000,
          "index": 2
        }
      ]
    }
  ]
}