{
  "idNameMap": {
    "1": "task1",
    "2": "task2",
    "3": "task3"
  },
  "mappingInfo": [
    {
      "coreID": 1,
      "tasks": [
        {
          "id": 1,
          "startTime": 0,
          "readTime": 0.0,
          "bodyTime": 157432.0,
          "writeTime": 0.0,
          "nice": 15,
          "period": 500000,
          "index": 0
        },
        {
          "id": 2,
          "startTime": 0,
          "readTime": 0.0,
          "bodyTime": 50.0,
          "writeTime": 0.0,
          "nice": 8,
          "period": 50000,
          "index": 1
        },
        {
          "id": 3,
          "startTime": 0,
          "readTime": 0.0,
          "bodyTime": 113655.0,
          "writeTime": 0.0,
          "nice": 1,
          "period": 400000,
          "index": 2
        }
      ]
    }
  ]
}