{
  "idNameMap": {
    "1": "task1",
    "2": "task2",
    "3": "task3"
  },
  "mappingInfo": [
    {
      "coreID": 1,
      "tasks": [
        {
          "id": 1,
          "startTime": 0,
          "readTime": 0.0,
          "bodyTime": 283005.0,
          "writeTime": 0.0,
          "nice": 4,
          "period": 900000,
          "index": 0
        },
        {
          "id": 2,
          "startTime": 0,
          "readTime": 0.0,
          "bodyTime": 16012.0,
          "writeTime": 0.0,
          "nice": 12,
          "period": 60000,
          "index": 1
        },
        {
          "id": 3,
          "startTime": 0,
          "readTime": 0.0,
          "bodyTime": 11211.0,
          "writeTime": 0.0,
          "nice": 6,
          "period": 600000,
          "index": 2
        }
      ]
    }
  ]
}