{
  "idNameMap": {
    "1": "task1",
    "2": "task2",
    "3": "task3",
    "4": "task4",
    "5": "task5",
    "6": "task6"
  },
  "mappingInfo": [
    {
      "coreID": 1,
      "tasks": [
        {
          "id": 1,
          "startTime": 0,
          "readTime": 0.0,
          "bodyTime": 10565.0,
          "writeTime": 0.0,
          "nice": 0,
          "period": 400000,
          "index": 0
        },
        {
          "id": 2,
          "startTime": 0,
          "readTime": 0.0,
          "bodyTime": 94682.0,
          "writeTime": 0.0,
          "nice": 14,
          "period": 700000,
          "index": 1
        },
        {
          "id": 3,
          "startTime": 0,
          "readTime": 0.0,
          "bodyTime": 365.0,
          "writeTime": 0.0,
          "nice": 11,
          "period": 100000,
          "index": 2
        },
        {
          "id": 4,
          "startTime": 0,
          "readTime": 0.0,
          "bodyTime": 121762.0,
          "writeTime": 0.0,
          "nice": 12,
          "period": 900000,
          "index": 3
        },
        {
          "id": 5,
          "startTime": 0,
          "readTime": 0.0,
          "bodyTime": 157606.0,
          "writeTime": 0.0,
          "nice": 3,
          "period": 900000,
          "index": 4
        },
        {
          "id": 6,
          "startTime": 0,
          "readTime": 0.0,
          "bodyTime": 37283.0,
          "writeTime": 0.0,
          "nice": 0,
          "period": 300000,
          "index": 5
        }
      ]
    }
  ]
}