{
  "idNameMap": {
    "1": "task1",
    "2": "task2",
    "3": "task3",
    "4": "task4",
    "5": "task5",
    "6": "task6"
  },
  "mappingInfo": [
    {
      "coreID": 1,
      "tasks": [
        {
          "id": 1,
          "startTime": 0,
          "readTime": 0.0,
          "bodyTime": 38893.0,
          "writeTime": 0.0,
          "nice": 18,
          "period": 600000,
          "index": 0
        },
        {
          "id": 2,
          "startTime": 0,
          "readTime": 0.0,
          "bodyTime": 41460.0,
          "writeTime": 0.0,
          "nice": 10,
          "period": 1000000,
          "index": 1
        },
        {
          "id": 3,
          "startTime": 0,
          "readTime": 0.0,
          "bodyTime": 68236.0,
          "writeTime": 0.0,
          "nice": 15,
          "period": 500000,
          "index": 2
        },
        {
          "id": 4,
          "startTime": 0,
          "readTime": 0.0,
          "bodyTime": 19089.0,
          "writeTime": 0.0,
          "nice": 2,
          "period": 800000,
          "index": 3
        },
        {
          "id": 5,
          "startTime": 0,
          "readTime": 0.0,
          "bodyTime": 133405.0,
          "writeTime": 0.0,
          "nice": 9,
          "period": 900000,
          "index": 4
        },
        {
          "id": 6,
          "startTime": 0,
          "readTime": 0.0,
          "bodyTime": 148129.0,
          "writeTime": 0.0,
          "nice": 8,
          "period": 800000,
          "index": 5
        }
      ]
    }
  ]
}