{
  "idNameMap": {
    "1": "task1",
    "2": "task2",
    "3": "task3",
    "4": "task4",
    "5": "task5",
    "6": "task6"
  },
  "mappingInfo": [
    {
      "coreID": 1,
      "tasks": [
        {
          "id": 1,
          "startTime": 0,
          "readTime": 0.0,
          "bodyTime": 38066.0,
          "writeTime": 0.0,
          "nice": 14,
          "period": 500000,
          "index": 0
        },
        {
          "id": 2,
          "startTime": 0,
          "readTime": 0.0,
          "bodyTime": 82597.0,
          "writeTime": 0.0,
          "nice": 14,
          "period": 500000,
          "index": 1
        },
        {
          "id": 3,
          "startTime": 0,
          "readTime": 0.0,
          "bodyTime": 65206.0,
          "writeTime": 0.0,
          "nice": 5,
          "period": 600000,
          "index": 2
        },
        {
          "id": 4,
          "startTime": 0,
          "readTime": 0.0,
          "bodyTime": 141900.0,
          "writeTime": 0.0,
          "nice": 16,
          "period": 800000,
          "index": 3
        },
        {
          "id": 5,
          "startTime": 0,
          "readTime": 0.0,
          "bodyTime": 90.0,
          "writeTime": 0.0,
          "nice": 1,
          "period": 90000,
          "index": 4
        },
        {
          "id": 6,
          "startTime": 0,
          "readTime": 0.0,
          "bodyTime": 5731.0,
          "writeTime": 0.0,
          "nice": 8,
          "period": 80000,
          "index": 5
        }
      ]
    }
  ]
}