{
  "idNameMap": {
    "1": "task1",
    "2": "task2",
    "3": "task3",
    "4": "task4",
    "5": "task5",
    "6": "task6"
  },
  "mappingInfo": [
    {
      "coreID": 1,
      "tasks": [
        {
          "id": 1,
          "startTime": 0,
          "readTime": 0.0,
          "bodyTime": 77103.0,
          "writeTime": 0.0,
          "nice": 7,
          "period": 900000,
          "index": 0
        },
        {
          "id": 2,
          "startTime": 0,
          "readTime": 0.0,
          "bodyTime": 63387.0,
          "writeTime": 0.0,
          "nice": 17,
          "period": 500000,
          "index": 1
        },
        {
          "id": 3,
          "startTime": 0,
          "readTime": 0.0,
          "bodyTime": 8271.0,
          "writeTime": 0.0,
          "nice": 19,
          "period": 200000,
          "index": 2
        },
        {
          "id": 4,
          "startTime": 0,
          "readTime": 0.0,
          "bodyTime": 3988.0,
          "writeTime": 0.0,
          "nice": 1,
          "period": 30000,
          "index": 3
        },
        {
          "id": 5,
          "startTime": 0,
          "readTime": 0.0,
          "bodyTime": 64798.0,
          "writeTime": 0.0,
          "nice": 3,
          "period": 1000000,
          "index": 4
        },
        {
          "id": 6,
          "startTime": 0,
          "readTime": 0.0,
          "bodyTime": 29700.0,
          "writeTime": 0.0,
          "nice": 8,
          "period": 200000,
          "index": 5
        }
      ]
    }
  ]
}