{
  "idNameMap": {
    "1": "task1",
    "2": "task2",
    "3": "task3",
    "4": "task4",
    "5": "task5",
    "6": "task6"
  },
  "mappingInfo": [
    {
      "coreID": 1,
      "tasks": [
        {
          "id": 1,
          "startTime": 0,
          "readTime": 0.0,
          "bodyTime": 21813.0,
          "writeTime": 0.0,
          "nice": 10,
          "period": 600000,
          "index": 0
        },
        {
          "id": 2,
          "startTime": 0,
          "readTime": 0.0,
          "bodyTime": 14206.0,
          "writeTime": 0.0,
          "nice": 11,
          "period": 200000,
          "index": 1
        },
        {
          "id": 3,
          "startTime": 0,
          "readTime": 0.0,
          "bodyTime": 3003.0,
          "writeTime": 0.0,
          "nice": 3,
          "period": 300000,
          "index": 2
        },
        {
          "id": 4,
          "startTime": 0,
          "readTime": 0.0,
          "bodyTime": 5101.0,
          "writeTime": 0.0,
          "nice": 17,
          "period": 500000,
          "index": 3
        },
        {
          "id": 5,
          "startTime": 0,
          "readTime": 0.0,
          "bodyTime": 39976.0,
          "writeTime": 0.0,
          "nice": 19,
          "period": 300000,
          "index": 4
        },
        {
          "id": 6,
          "startTime": 0,
          "readTime": 0.0,
          "bodyTime": 101747.0,
          "writeTime": 0.0,
          "nice": 16,
          "period": 300000,
          "index": 5
        }
      ]
    }
  ]
}