{
  "idNameMap": {
    "1": "task1",
    "2": "task2",
    "3": "task3",
    "4": "task4",
    "5": "task5",
    "6": "task6"
  },
  "mappingInfo": [
    {
      "coreID": 1,
      "tasks": [
        {
          "id": 1,
          "startTime": 0,
          "readTime": 0.0,
          "bodyTime": 10173.0,
          "writeTime": 0.0,
          "nice": 0,
          "period": 600000,
          "index": 0
        },
        {
          "id": 2,
          "startTime": 0,
          "readTime": 0.0,
          "bodyTime": 118671.0,
          "writeTime": 0.0,
          "nice": 1,
          "period": 700000,
          "index": 1
        },
        {
          "id": 3,
          "startTime": 0,
          "readTime": 0.0,
          "bodyTime": 84077.0,
          "writeTime": 0.0,
          "nice": 16,
          "period": 900000,
          "index": 2
        },
        {
          "id": 4,
          "startTime": 0,
          "readTime": 0.0,
          "bodyTime": 2658.0,
          "writeTime": 0.0,
          "nice": 5,
          "period": 200000,
          "index": 3
        },
        {
          "id": 5,
          "startTime": 0,
          "readTime": 0.0,
          "bodyTime": 40117.0,
          "writeTime": 0.0,
          "nice": 1,
          "period": 500000,
          "index": 4
        },
        {
          "id": 6,
          "startTime": 0,
          "readTime": 0.0,
          "bodyTime": 113288.0,
          "writeTime": 0.0,
          "nice": 1,
          "period": 500000,
          "index": 5
        }
      ]
    }
  ]
}