{
  "idNameMap": {
    "1": "task1",
    "2": "task2",
    "3": "task3",
    "4": "task4",
    "5": "task5",
    "6": "task6"
  },
  "mappingInfo": [
    {
      "coreID": 1,
      "tasks": [
        {
          "id": 1,
          "startTime": 0,
          "readTime": 0.0,
          "bodyTime": 125720.0,
          "writeTime": 0.0,
          "nice": 4,
          "period": 800000,
          "index": 0
        },
        {
          "id": 2,
          "startTime": 0,
          "readTime": 0.0,
          "bodyTime": 31920.0,
          "writeTime": 0.0,
          "nice": 18,
          "period": 600000,
          "index": 1
        },
        {
          "id": 3,
          "startTime": 0,
          "readTime": 0.0,
          "bodyTime": 39530.0,
          "writeTime": 0.0,
          "nice": 16,
          "period": 400000,
          "index": 2
        },
        {
          "id": 4,
          "startTime": 0,
          "readTime": 0.0,
          "bodyTime": 682.0,
          "writeTime": 0.0,
          "nice": 8,
          "period": 30000,
          "index": 3
        },
        {
          "id": 5,
          "startTime": 0,
          "readTime": 0.0,
          "bodyTime": 17282.0,
          "writeTime": 0.0,
          "nice": 12,
          "period": 600000,
          "index": 4
        },
        {
          "id": 6,
          "startTime": 0,
          "readTime": 0.0,
          "bodyTime": 143587.0,
          "writeTime": 0.0,
          "nice": 13,
          "period": 600000,
          "index": 5
        }
      ]
    }
  ]
}