{
  "idNameMap": {
    "1": "task1",
    "2": "task2",
    "3": "task3",
    "4": "task4",
    "5": "task5",
    "6": "task6"
  },
  "mappingInfo": [
    {
      "coreID": 1,
      "tasks": [
        {
          "id": 1,
          "startTime": 0,
          "readTime": 0.0,
          "bodyTime": 107936.0,
          "writeTime": 0.0,
          "nice": 7,
          "period": 700000,
          "index": 0
        },
        {
          "id": 2,
          "startTime": 0,
          "readTime": 0.0,
          "bodyTime": 124158.0,
          "writeTime": 0.0,
          "nice": 1,
          "period": 700000,
          "index": 1
        },
        {
          "id": 3,
          "startTime": 0,
          "readTime": 0.0,
          "bodyTime": 59760.0,
          "writeTime": 0.0,
          "nice": 15,
          "period": 600000,
          "index": 2
        },
        {
          "id": 4,
          "startTime": 0,
          "readTime": 0.0,
          "bodyTime": 1496.0,
          "writeTime": 0.0,
          "nice": 18,
          "period": 10000,
          "index": 3
        },
        {
          "id": 5,
          "startTime": 0,
          "readTime": 0.0,
          "bodyTime": 800.0,
          "writeTime": 0.0,
          "nice": 6,
          "period": 800000,
          "index": 4
        },
        {
          "id": 6,
          "startTime": 0,
          "readTime": 0.0,
          "bodyTime": 9163.0,
          "writeTime": 0.0,
          "nice": 9,
          "period": 500000,
          "index": 5
        }
      ]
    }
  ]
}