{
  "idNameMap": {
    "1": "task1",
    "2": "task2",
    "3": "task3",
    "4": "task4",
    "5": "task5",
    "6": "task6"
  },
  "mappingInfo": [
    {
      "coreID": 1,
      "tasks": [
        {
          "id": 1,
          "startTime": 0,
          "readTime": 0.0,
          "bodyTime": 6599.0,
          "writeTime": 0.0,
          "nice": 12,
          "period": 200000,
          "index": 0
        },
        {
          "id": 2,
          "startTime": 0,
          "readTime": 0.0,
          "bodyTime": 41899.0,
          "writeTime": 0.0,
          "nice": 10,
          "period": 1000000,
          "index": 1
        },
        {
          "id": 3,
          "startTime": 0,
          "readTime": 0.0,
          "bodyTime": 8519.0,
          "writeTime": 0.0,
          "nice": 2,
          "period": 50000,
          "index": 2
        },
        {
          "id": 4,
          "startTime": 0,
          "readTime": 0.0,
          "bodyTime": 104740.0,
          "writeTime": 0.0,
          "nice": 7,
          "period": 600000,
          "index": 3
        },
        {
          "id": 5,
          "startTime": 0,
          "readTime": 0.0,
          "bodyTime": 8724.0,
          "writeTime": 0.0,
          "nice": 18,
          "period": 200000,
          "index": 4
        },
        {
          "id": 6,
          "startTime": 0,
          "readTime": 0.0,
          "bodyTime": 2732.0,
          "writeTime": 0.0,
          "nice": 10,
          "period": 20000,
          "index": 5
        }
      ]
    }
  ]
}