{
  "idNameMap": {
    "1": "task1",
    "2": "task2",
    "3": "task3",
    "4": "task4",
    "5": "task5",
    "6": "task6"
  },
  "mappingInfo": [
    {
      "coreID": 1,
      "tasks": [
        {
          "id": 1,
          "startTime": 0,
          "readTime": 0.0,
          "bodyTime": 66865.0,
          "writeTime": 0.0,
          "nice": 4,
          "period": 700000,
          "index": 0
        },
        {
          "id": 2,
          "startTime": 0,
          "readTime": 0.0,
          "bodyTime": 74933.0,
          "writeTime": 0.0,
          "nice": 9,
          "period": 600000,
          "index": 1
        },
        {
          "id": 3,
          "startTime": 0,
          "readTime": 0.0,
          "bodyTime": 20110.0,
          "writeTime": 0.0,
          "nice": 9,
          "period": 200000,
          "index": 2
        },
        {
          "id": 4,
          "startTime": 0,
          "readTime": 0.0,
          "bodyTime": 95901.0,
          "writeTime": 0.0,
          "nice": 14,
          "period": 1000000,
          "index": 3
        },
        {
          "id": 5,
          "startTime": 0,
          "readTime": 0.0,
          "bodyTime": 47125.0,
          "writeTime": 0.0,
          "nice": 7,
          "period": 500000,
          "index": 4
        },
        {
          "id": 6,
          "startTime": 0,
          "readTime": 0.0,
          "bodyTime": 26669.0,
          "writeTime": 0.0,
          "nice": 4,
          "period": 300000,
          "index": 5
        }
      ]
    }
  ]
}