{
  "idNameMap": {
    "1": "task1",
    "2": "task2",
    "3": "task3",
    "4": "task4",
    "5": "task5",
    "6": "task6"
  },
  "mappingInfo": [
    {
      "coreID": 1,
      "tasks": [
        {
          "id": 1,
          "startTime": 0,
          "readTime": 0.0,
          "bodyTime": 558.0,
          "writeTime": 0.0,
          "nice": 6,
          "period": 200000,
          "index": 0
        },
        {
          "id": 2,
          "startTime": 0,
          "readTime": 0.0,
          "bodyTime": 21905.0,
          "writeTime": 0.0,
          "nice": 18,
          "period": 1000000,
          "index": 1
        },
        {
          "id": 3,
          "startTime": 0,
          "readTime": 0.0,
          "bodyTime": 151687.0,
          "writeTime": 0.0,
          "nice": 19,
          "period": 800000,
          "index": 2
        },
        {
          "id": 4,
          "startTime": 0,
          "readTime": 0.0,
          "bodyTime": 8041.0,
          "writeTime": 0.0,
          "nice": 0,
          "period": 400000,
          "index": 3
        },
        {
          "id": 5,
          "startTime": 0,
          "readTime": 0.0,
          "bodyTime": 2052.0,
          "writeTime": 0.0,
          "nice": 19,
          "period": 80000,
          "index": 4
        },
        {
          "id": 6,
          "startTime": 0,
          "readTime": 0.0,
          "bodyTime": 135983.0,
          "writeTime": 0.0,
          "nice": 0,
          "period": 400000,
          "index": 5
        }
      ]
    }
  ]
}