{
  "idNameMap": {
    "1": "task1",
    "2": "task2",
    "3": "task3",
    "4": "task4",
    "5": "task5",
    "6": "task6"
  },
  "mappingInfo": [
    {
      "coreID": 1,
      "tasks": [
        {
          "id": 1,
          "startTime": 0,
          "readTime": 0.0,
          "bodyTime": 6219.0,
          "writeTime": 0.0,
          "nice": 4,
          "period": 60000,
          "index": 0
        },
        {
          "id": 2,
          "startTime": 0,
          "readTime": 0.0,
          "bodyTime": 165193.0,
          "writeTime": 0.0,
          "nice": 18,
          "period": 1000000,
          "index": 1
        },
        {
          "id": 3,
          "startTime": 0,
          "readTime": 0.0,
          "bodyTime": 7845.0,
          "writeTime": 0.0,
          "nice": 2,
          "period": 40000,
          "index": 2
        },
        {
          "id": 4,
          "startTime": 0,
          "readTime": 0.0,
          "bodyTime": 800.0,
          "writeTime": 0.0,
          "nice": 9,
          "period": 800000,
          "index": 3
        },
        {
          "id": 5,
          "startTime": 0,
          "readTime": 0.0,
          "bodyTime": 1260.0,
          "writeTime": 0.0,
          "nice": 14,
          "period": 10000,
          "index": 4
        },
        {
          "id": 6,
          "startTime": 0,
          "readTime": 0.0,
          "bodyTime": 2432.0,
          "writeTime": 0.0,
          "nice": 14,
          "period": 300000,
          "index": 5
        }
      ]
    }
  ]
}