{
  "idNameMap": {
    "1": "task1",
    "2": "task2",
    "3": "task3",
    "4": "task4",
    "5": "task5",
    "6": "task6"
  },
  "mappingInfo": [
    {
      "coreID": 1,
      "tasks": [
        {
          "id": 1,
          "startTime": 0,
          "readTime": 0.0,
          "bodyTime": 105105.0,
          "writeTime": 0.0,
          "nice": 13,
          "period": 700000,
          "index": 0
        },
        {
          "id": 2,
          "startTime": 0,
          "readTime": 0.0,
          "bodyTime": 51437.0,
          "writeTime": 0.0,
          "nice": 19,
          "period": 600000,
          "index": 1
        },
        {
          "id": 3,
          "startTime": 0,
          "readTime": 0.0,
          "bodyTime": 43921.0,
          "writeTime": 0.0,
          "nice": 9,
          "period": 400000,
          "index": 2
        },
        {
          "id": 4,
          "startTime": 0,
          "readTime": 0.0,
          "bodyTime": 22138.0,
          "writeTime": 0.0,
          "nice": 10,
          "period": 200000,
          "index": 3
        },
        {
          "id": 5,
          "startTime": 0,
          "readTime": 0.0,
          "bodyTime": 500.0,
          "writeTime": 0.0,
          "nice": 18,
          "period": 500000,
          "index": 4
        },
        {
          "id": 6,
          "startTime": 0,
          "readTime": 0.0,
          "bodyTime": 42791.0,
          "writeTime": 0.0,
          "nice": 2,
          "period": 300000,
          "index": 5
        }
      ]
    }
  ]
}