{
  "idNameMap": {
    "1": "task1",
    "2": "task2",
    "3": "task3",
    "4": "task4",
    "5": "task5",
    "6": "task6"
  },
  "mappingInfo": [
    {
      "coreID": 1,
      "tasks": [
        {
          "id": 1,
          "startTime": 0,
          "readTime": 0.0,
          "bodyTime": 62528.0,
          "writeTime": 0.0,
          "nice": 13,
          "period": 500000,
          "index": 0
        },
        {
          "id": 2,
          "startTime": 0,
          "readTime": 0.0,
          "bodyTime": 6839.0,
          "writeTime": 0.0,
          "nice": 4,
          "period": 300000,
          "index": 1
        },
        {
          "id": 3,
          "startTime": 0,
          "readTime": 0.0,
          "bodyTime": 15675.0,
          "writeTime": 0.0,
          "nice": 8,
          "period": 100000,
          "index": 2
        },
        {
          "id": 4,
          "startTime": 0,
          "readTime": 0.0,
          "bodyTime": 23496.0,
          "writeTime": 0.0,
          "nice": 4,
          "period": 900000,
          "index": 3
        },
        {
          "id": 5,
          "startTime": 0,
          "readTime": 0.0,
          "bodyTime": 25868.0,
          "writeTime": 0.0,
          "nice": 10,
          "period": 400000,
          "index": 4
        },
        {
          "id": 6,
          "startTime": 0,
          "readTime": 0.0,
          "bodyTime": 61389.0,
          "writeTime": 0.0,
          "nice": 18,
          "period": 300000,
          "index": 5
        }
      ]
    }
  ]
}