{
  "idNameMap": {
    "1": "task1",
    "2": "task2",
    "3": "task3",
    "4": "task4",
    "5": "task5",
    "6": "task6"
  },
  "mappingInfo": [
    {
      "coreID": 1,
      "tasks": [
        {
          "id": 1,
          "startTime": 0,
          "readTime": 0.0,
          "bodyTime": 1585.0,
          "writeTime": 0.0,
          "nice": 18,
          "period": 200000,
          "index": 0
        },
        {
          "id": 2,
          "startTime": 0,
          "readTime": 0.0,
          "bodyTime": 64103.0,
          "writeTime": 0.0,
          "nice": 6,
          "period": 700000,
          "index": 1
        },
        {
          "id": 3,
          "startTime": 0,
          "readTime": 0.0,
          "bodyTime": 32670.0,
          "writeTime": 0.0,
          "nice": 10,
          "period": 700000,
          "index": 2
        },
        {
          "id": 4,
          "startTime": 0,
          "readTime": 0.0,
          "bodyTime": 3671.0,
          "writeTime": 0.0,
          "nice": 1,
          "period": 300000,
          "index": 3
        },
        {
          "id": 5,
          "startTime": 0,
          "readTime": 0.0,
          "bodyTime": 3015.0,
          "writeTime": 0.0,
          "nice": 11,
          "period": 70000,
          "index": 4
        },
        {
          "id": 6,
          "startTime": 0,
          "readTime": 0.0,
          "bodyTime": 159412.0,
          "writeTime": 0.0,
          "nice": 7,
          "period": 400000,
          "index": 5
        }
      ]
    }
  ]
}