{
  "idNameMap": {
    "1": "task1",
    "2": "task2",
    "3": "task3",
    "4": "task4",
    "5": "task5",
    "6": "task6"
  },
  "mappingInfo": [
    {
      "coreID": 1,
      "tasks": [
        {
          "id": 1,
          "startTime": 0,
          "readTime": 0.0,
          "bodyTime": 141347.0,
          "writeTime": 0.0,
          "nice": 6,
          "period": 1000000,
          "index": 0
        },
        {
          "id": 2,
          "startTime": 0,
          "readTime": 0.0,
          "bodyTime": 62234.0,
          "writeTime": 0.0,
          "nice": 13,
          "period": 600000,
          "index": 1
        },
        {
          "id": 3,
          "startTime": 0,
          "readTime": 0.0,
          "bodyTime": 77846.0,
          "writeTime": 0.0,
          "nice": 1,
          "period": 600000,
          "index": 2
        },
        {
          "id": 4,
          "startTime": 0,
          "readTime": 0.0,
          "bodyTime": 5880.0,
          "writeTime": 0.0,
          "nice": 17,
          "period": 50000,
          "index": 3
        },
        {
          "id": 5,
          "startTime": 0,
          "readTime": 0.0,
          "bodyTime": 200.0,
          "writeTime": 0.0,
          "nice": 18,
          "period": 200000,
          "index": 4
        },
        {
          "id": 6,
          "startTime": 0,
          "readTime": 0.0,
          "bodyTime": 95939.0,
          "writeTime": 0.0,
          "nice": 6,
          "period": 900000,
          "index": 5
        }
      ]
    }
  ]
}