{
  "idNameMap": {
    "1": "task1",
    "2": "task2",
    "3": "task3",
    "4": "task4",
    "5": "task5",
    "6": "task6",
    "7": "task7",
    "8": "task8",
    "9": "task9"
  },
  "mappingInfo": [
    {
      "coreID": 1,
      "tasks": [
        {
          "id": 1,
          "startTime": 0,
          "readTime": 0.0,
          "bodyTime": 157.0,
          "writeTime": 0.0,
          "nice": 0,
          "period": 40000,
          "index": 0
        },
        {
          "id": 2,
          "startTime": 0,
          "readTime": 0.0,
          "bodyTime": 79037.0,
          "writeTime": 0.0,
          "nice": 6,
          "period": 900000,
          "index": 1
        },
        {
          "id": 3,
          "startTime": 0,
          "readTime": 0.0,
          "bodyTime": 21322.0,
          "writeTime": 0.0,
          "nice": 8,
          "period": 800000,
          "index": 2
        },
        {
          "id": 4,
          "startTime": 0,
          "readTime": 0.0,
          "bodyTime": 38770.0,
          "writeTime": 0.0,
          "nice": 12,
          "period": 1000000,
          "index": 3
        },
        {
          "id": 5,
          "startTime": 0,
          "readTime": 0.0,
          "bodyTime": 17866.0,
          "writeTime": 0.0,
          "nice": 11,
          "period": 600000,
          "index": 4
        },
        {
          "id": 6,
          "startTime": 0,
          "readTime": 0.0,
          "bodyTime": 497.0,
          "writeTime": 0.0,
          "nice": 7,
          "period": 60000,
          "index": 5
        },
        {
          "id": 7,
          "startTime": 0,
          "readTime": 0.0,
          "bodyTime": 21924.0,
          "writeTime": 0.0,
          "nice": 1,
          "period": 700000,
          "index": 6
        },
        {
          "id": 8,
          "startTime": 0,
          "readTime": 0.0,
          "bodyTime": 4437.0,
          "writeTime": 0.0,
          "nice": 16,
          "period": 500000,
          "index": 7
        },
        {
          "id": 9,
          "startTime": 0,
          "readTime": 0.0,
          "bodyTime": 131688.0,
          "writeTime": 0.0,
          "nice": 5,
          "period": 800000,
          "index": 8
        }
      ]
    }
  ]
}