{
  "idNameMap": {
    "1": "task1",
    "2": "task2",
    "3": "task3",
    "4": "task4",
    "5": "task5",
    "6": "task6",
    "7": "task7",
    "8": "task8",
    "9": "task9"
  },
  "mappingInfo": [
    {
      "coreID": 1,
      "tasks": [
        {
          "id": 1,
          "startTime": 0,
          "readTime": 0.0,
          "bodyTime": 37930.0,
          "writeTime": 0.0,
          "nice": 7,
          "period": 900000,
          "index": 0
        },
        {
          "id": 2,
          "startTime": 0,
          "readTime": 0.0,
          "bodyTime": 2356.0,
          "writeTime": 0.0,
          "nice": 12,
          "period": 60000,
          "index": 1
        },
        {
          "id": 3,
          "startTime": 0,
          "readTime": 0.0,
          "bodyTime": 75162.0,
          "writeTime": 0.0,
          "nice": 17,
          "period": 900000,
          "index": 2
        },
        {
          "id": 4,
          "startTime": 0,
          "readTime": 0.0,
          "bodyTime": 33509.0,
          "writeTime": 0.0,
          "nice": 15,
          "period": 900000,
          "index": 3
        },
        {
          "id": 5,
          "startTime": 0,
          "readTime": 0.0,
          "bodyTime": 29853.0,
          "writeTime": 0.0,
          "nice": 11,
          "period": 400000,
          "index": 4
        },
        {
          "id": 6,
          "startTime": 0,
          "readTime": 0.0,
          "bodyTime": 26711.0,
          "writeTime": 0.0,
          "nice": 18,
          "period": 400000,
          "index": 5
        },
        {
          "id": 7,
          "startTime": 0,
          "readTime": 0.0,
          "bodyTime": 600.0,
          "writeTime": 0.0,
          "nice": 19,
          "period": 600000,
          "index": 6
        },
        {
          "id": 8,
          "startTime": 0,
          "readTime": 0.0,
          "bodyTime": 4192.0,
          "writeTime": 0.0,
          "nice": 2,
          "period": 90000,
          "index": 7
        },
        {
          "id": 9,
          "startTime": 0,
          "readTime": 0.0,
          "bodyTime": 7983.0,
          "writeTime": 0.0,
          "nice": 10,
          "period": 900000,
          "index": 8
        }
      ]
    }
  ]
}