{
  "idNameMap": {
    "1": "task1",
    "2": "task2",
    "3": "task3",
    "4": "task4",
    "5": "task5",
    "6": "task6",
    "7": "task7",
    "8": "task8",
    "9": "task9"
  },
  "mappingInfo": [
    {
      "coreID": 1,
      "tasks": [
        {
          "id": 1,
          "startTime": 0,
          "readTime": 0.0,
          "bodyTime": 6267.0,
          "writeTime": 0.0,
          "nice": 3,
          "period": 200000,
          "index": 0
        },
        {
          "id": 2,
          "startTime": 0,
          "readTime": 0.0,
          "bodyTime": 52048.0,
          "writeTime": 0.0,
          "nice": 3,
          "period": 700000,
          "index": 1
        },
        {
          "id": 3,
          "startTime": 0,
          "readTime": 0.0,
          "bodyTime": 20598.0,
          "writeTime": 0.0,
          "nice": 11,
          "period": 700000,
          "index": 2
        },
        {
          "id": 4,
          "startTime": 0,
          "readTime": 0.0,
          "bodyTime": 6114.0,
          "writeTime": 0.0,
          "nice": 12,
          "period": 300000,
          "index": 3
        },
        {
          "id": 5,
          "startTime": 0,
          "readTime": 0.0,
          "bodyTime": 1570.0,
          "writeTime": 0.0,
          "nice": 9,
          "period": 20000,
          "index": 4
        },
        {
          "id": 6,
          "startTime": 0,
          "readTime": 0.0,
          "bodyTime": 1029.0,
          "writeTime": 0.0,
          "nice": 19,
          "period": 1000000,
          "index": 5
        },
        {
          "id": 7,
          "startTime": 0,
          "readTime": 0.0,
          "bodyTime": 34962.0,
          "writeTime": 0.0,
          "nice": 5,
          "period": 400000,
          "index": 6
        },
        {
          "id": 8,
          "startTime": 0,
          "readTime": 0.0,
          "bodyTime": 463.0,
          "writeTime": 0.0,
          "nice": 5,
          "period": 70000,
          "index": 7
        },
        {
          "id": 9,
          "startTime": 0,
          "readTime": 0.0,
          "bodyTime": 70976.0,
          "writeTime": 0.0,
          "nice": 8,
          "period": 1000000,
          "index": 8
        }
      ]
    }
  ]
}