{
  "idNameMap": {
    "1": "task1",
    "2": "task2",
    "3": "task3",
    "4": "task4",
    "5": "task5",
    "6": "task6",
    "7": "task7",
    "8": "task8",
    "9": "task9"
  },
  "mappingInfo": [
    {
      "coreID": 1,
      "tasks": [
        {
          "id": 1,
          "startTime": 0,
          "readTime": 0.0,
          "bodyTime": 12742.0,
          "writeTime": 0.0,
          "nice": 8,
          "period": 900000,
          "index": 0
        },
        {
          "id": 2,
          "startTime": 0,
          "readTime": 0.0,
          "bodyTime": 1684.0,
          "writeTime": 0.0,
          "nice": 7,
          "period": 20000,
          "index": 1
        },
        {
          "id": 3,
          "startTime": 0,
          "readTime": 0.0,
          "bodyTime": 63739.0,
          "writeTime": 0.0,
          "nice": 5,
          "period": 800000,
          "index": 2
        },
        {
          "id": 4,
          "startTime": 0,
          "readTime": 0.0,
          "bodyTime": 19383.0,
          "writeTime": 0.0,
          "nice": 0,
          "period": 500000,
          "index": 3
        },
        {
          "id": 5,
          "startTime": 0,
          "readTime": 0.0,
          "bodyTime": 8966.0,
          "writeTime": 0.0,
          "nice": 14,
          "period": 400000,
          "index": 4
        },
        {
          "id": 6,
          "startTime": 0,
          "readTime": 0.0,
          "bodyTime": 7868.0,
          "writeTime": 0.0,
          "nice": 13,
          "period": 400000,
          "index": 5
        },
        {
          "id": 7,
          "startTime": 0,
          "readTime": 0.0,
          "bodyTime": 18206.0,
          "writeTime": 0.0,
          "nice": 3,
          "period": 800000,
          "index": 6
        },
        {
          "id": 8,
          "startTime": 0,
          "readTime": 0.0,
          "bodyTime": 30549.0,
          "writeTime": 0.0,
          "nice": 19,
          "period": 600000,
          "index": 7
        },
        {
          "id": 9,
          "startTime": 0,
          "readTime": 0.0,
          "bodyTime": 60730.0,
          "writeTime": 0.0,
          "nice": 4,
          "period": 900000,
          "index": 8
        }
      ]
    }
  ]
}