{
  "idNameMap": {
    "1": "task1",
    "2": "task2",
    "3": "task3",
    "4": "task4",
    "5": "task5",
    "6": "task6",
    "7": "task7",
    "8": "task8",
    "9": "task9"
  },
  "mappingInfo": [
    {
      "coreID": 1,
      "tasks": [
        {
          "id": 1,
          "startTime": 0,
          "readTime": 0.0,
          "bodyTime": 1139.0,
          "writeTime": 0.0,
          "nice": 7,
          "period": 90000,
          "index": 0
        },
        {
          "id": 2,
          "startTime": 0,
          "readTime": 0.0,
          "bodyTime": 1710.0,
          "writeTime": 0.0,
          "nice": 18,
          "period": 60000,
          "index": 1
        },
        {
          "id": 3,
          "startTime": 0,
          "readTime": 0.0,
          "bodyTime": 1303.0,
          "writeTime": 0.0,
          "nice": 5,
          "period": 800000,
          "index": 2
        },
        {
          "id": 4,
          "startTime": 0,
          "readTime": 0.0,
          "bodyTime": 75459.0,
          "writeTime": 0.0,
          "nice": 15,
          "period": 1000000,
          "index": 3
        },
        {
          "id": 5,
          "startTime": 0,
          "readTime": 0.0,
          "bodyTime": 4478.0,
          "writeTime": 0.0,
          "nice": 15,
          "period": 70000,
          "index": 4
        },
        {
          "id": 6,
          "startTime": 0,
          "readTime": 0.0,
          "bodyTime": 53910.0,
          "writeTime": 0.0,
          "nice": 4,
          "period": 700000,
          "index": 5
        },
        {
          "id": 7,
          "startTime": 0,
          "readTime": 0.0,
          "bodyTime": 27690.0,
          "writeTime": 0.0,
          "nice": 4,
          "period": 400000,
          "index": 6
        },
        {
          "id": 8,
          "startTime": 0,
          "readTime": 0.0,
          "bodyTime": 17659.0,
          "writeTime": 0.0,
          "nice": 19,
          "period": 300000,
          "index": 7
        },
        {
          "id": 9,
          "startTime": 0,
          "readTime": 0.0,
          "bodyTime": 1018.0,
          "writeTime": 0.0,
          "nice": 13,
          "period": 80000,
          "index": 8
        }
      ]
    }
  ]
}