{
  "idNameMap": {
    "1": "task1",
    "2": "task2",
    "3": "task3",
    "4": "task4",
    "5": "task5",
    "6": "task6",
    "7": "task7",
    "8": "task8",
    "9": "task9"
  },
  "mappingInfo": [
    {
      "coreID": 1,
      "tasks": [
        {
          "id": 1,
          "startTime": 0,
          "readTime": 0.0,
          "bodyTime": 9153.0,
          "writeTime": 0.0,
          "nice": 9,
          "period": 400000,
          "index": 0
        },
        {
          "id": 2,
          "startTime": 0,
          "readTime": 0.0,
          "bodyTime": 8108.0,
          "writeTime": 0.0,
          "nice": 19,
          "period": 100000,
          "index": 1
        },
        {
          "id": 3,
          "startTime": 0,
          "readTime": 0.0,
          "bodyTime": 31023.0,
          "writeTime": 0.0,
          "nice": 5,
          "period": 800000,
          "index": 2
        },
        {
          "id": 4,
          "startTime": 0,
          "readTime": 0.0,
          "bodyTime": 23655.0,
          "writeTime": 0.0,
          "nice": 3,
          "period": 1000000,
          "index": 3
        },
        {
          "id": 5,
          "startTime": 0,
          "readTime": 0.0,
          "bodyTime": 22861.0,
          "writeTime": 0.0,
          "nice": 2,
          "period": 700000,
          "index": 4
        },
        {
          "id": 6,
          "startTime": 0,
          "readTime": 0.0,
          "bodyTime": 700.0,
          "writeTime": 0.0,
          "nice": 18,
          "period": 700000,
          "index": 5
        },
        {
          "id": 7,
          "startTime": 0,
          "readTime": 0.0,
          "bodyTime": 4517.0,
          "writeTime": 0.0,
          "nice": 8,
          "period": 100000,
          "index": 6
        },
        {
          "id": 8,
          "startTime": 0,
          "readTime": 0.0,
          "bodyTime": 4316.0,
          "writeTime": 0.0,
          "nice": 2,
          "period": 300000,
          "index": 7
        },
        {
          "id": 9,
          "startTime": 0,
          "readTime": 0.0,
          "bodyTime": 7021.0,
          "writeTime": 0.0,
          "nice": 4,
          "period": 50000,
          "index": 8
        }
      ]
    }
  ]
}