{
  "idNameMap": {
    "1": "task1",
    "2": "task2",
    "3": "task3",
    "4": "task4",
    "5": "task5",
    "6": "task6",
    "7": "task7",
    "8": "task8",
    "9": "task9"
  },
  "mappingInfo": [
    {
      "coreID": 1,
      "tasks": [
        {
          "id": 1,
          "startTime": 0,
          "readTime": 0.0,
          "bodyTime": 4709.0,
          "writeTime": 0.0,
          "nice": 2,
          "period": 300000,
          "index": 0
        },
        {
          "id": 2,
          "startTime": 0,
          "readTime": 0.0,
          "bodyTime": 17537.0,
          "writeTime": 0.0,
          "nice": 3,
          "period": 300000,
          "index": 1
        },
        {
          "id": 3,
          "startTime": 0,
          "readTime": 0.0,
          "bodyTime": 55125.0,
          "writeTime": 0.0,
          "nice": 1,
          "period": 700000,
          "index": 2
        },
        {
          "id": 4,
          "startTime": 0,
          "readTime": 0.0,
          "bodyTime": 5068.0,
          "writeTime": 0.0,
          "nice": 9,
          "period": 80000,
          "index": 3
        },
        {
          "id": 5,
          "startTime": 0,
          "readTime": 0.0,
          "bodyTime": 4736.0,
          "writeTime": 0.0,
          "nice": 3,
          "period": 900000,
          "index": 4
        },
        {
          "id": 6,
          "startTime": 0,
          "readTime": 0.0,
          "bodyTime": 2218.0,
          "writeTime": 0.0,
          "nice": 15,
          "period": 500000,
          "index": 5
        },
        {
          "id": 7,
          "startTime": 0,
          "readTime": 0.0,
          "bodyTime": 13459.0,
          "writeTime": 0.0,
          "nice": 8,
          "period": 200000,
          "index": 6
        },
        {
          "id": 8,
          "startTime": 0,
          "readTime": 0.0,
          "bodyTime": 14051.0,
          "writeTime": 0.0,
          "nice": 1,
          "period": 200000,
          "index": 7
        },
        {
          "id": 9,
          "startTime": 0,
          "readTime": 0.0,
          "bodyTime": 32859.0,
          "writeTime": 0.0,
          "nice": 2,
          "period": 900000,
          "index": 8
        }
      ]
    }
  ]
}