{
  "idNameMap": {
    "1": "task1",
    "2": "task2",
    "3": "task3",
    "4": "task4",
    "5": "task5",
    "6": "task6",
    "7": "task7",
    "8": "task8",
    "9": "task9"
  },
  "mappingInfo": [
    {
      "coreID": 1,
      "tasks": [
        {
          "id": 1,
          "startTime": 0,
          "readTime": 0.0,
          "bodyTime": 57204.0,
          "writeTime": 0.0,
          "nice": 7,
          "period": 700000,
          "index": 0
        },
        {
          "id": 2,
          "startTime": 0,
          "readTime": 0.0,
          "bodyTime": 300.0,
          "writeTime": 0.0,
          "nice": 13,
          "period": 300000,
          "index": 1
        },
        {
          "id": 3,
          "startTime": 0,
          "readTime": 0.0,
          "bodyTime": 628.0,
          "writeTime": 0.0,
          "nice": 1,
          "period": 10000,
          "index": 2
        },
        {
          "id": 4,
          "startTime": 0,
          "readTime": 0.0,
          "bodyTime": 22346.0,
          "writeTime": 0.0,
          "nice": 12,
          "period": 300000,
          "index": 3
        },
        {
          "id": 5,
          "startTime": 0,
          "readTime": 0.0,
          "bodyTime": 5030.0,
          "writeTime": 0.0,
          "nice": 3,
          "period": 600000,
          "index": 4
        },
        {
          "id": 6,
          "startTime": 0,
          "readTime": 0.0,
          "bodyTime": 8535.0,
          "writeTime": 0.0,
          "nice": 13,
          "period": 900000,
          "index": 5
        },
        {
          "id": 7,
          "startTime": 0,
          "readTime": 0.0,
          "bodyTime": 5400.0,
          "writeTime": 0.0,
          "nice": 7,
          "period": 200000,
          "index": 6
        },
        {
          "id": 8,
          "startTime": 0,
          "readTime": 0.0,
          "bodyTime": 34485.0,
          "writeTime": 0.0,
          "nice": 7,
          "period": 900000,
          "index": 7
        },
        {
          "id": 9,
          "startTime": 0,
          "readTime": 0.0,
          "bodyTime": 58124.0,
          "writeTime": 0.0,
          "nice": 16,
          "period": 600000,
          "index": 8
        }
      ]
    }
  ]
}