{
  "idNameMap": {
    "1": "task1",
    "2": "task2",
    "3": "task3",
    "4": "task4",
    "5": "task5",
    "6": "task6",
    "7": "task7",
    "8": "task8",
    "9": "task9"
  },
  "mappingInfo": [
    {
      "coreID": 1,
      "tasks": [
        {
          "id": 1,
          "startTime": 0,
          "readTime": 0.0,
          "bodyTime": 17257.0,
          "writeTime": 0.0,
          "nice": 12,
          "period": 200000,
          "index": 0
        },
        {
          "id": 2,
          "startTime": 0,
          "readTime": 0.0,
          "bodyTime": 14374.0,
          "writeTime": 0.0,
          "nice": 16,
          "period": 300000,
          "index": 1
        },
        {
          "id": 3,
          "startTime": 0,
          "readTime": 0.0,
          "bodyTime": 65532.0,
          "writeTime": 0.0,
          "nice": 17,
          "period": 900000,
          "index": 2
        },
        {
          "id": 4,
          "startTime": 0,
          "readTime": 0.0,
          "bodyTime": 22354.0,
          "writeTime": 0.0,
          "nice": 18,
          "period": 500000,
          "index": 3
        },
        {
          "id": 5,
          "startTime": 0,
          "readTime": 0.0,
          "bodyTime": 33404.0,
          "writeTime": 0.0,
          "nice": 10,
          "period": 700000,
          "index": 4
        },
        {
          "id": 6,
          "startTime": 0,
          "readTime": 0.0,
          "bodyTime": 46334.0,
          "writeTime": 0.0,
          "nice": 14,
          "period": 900000,
          "index": 5
        },
        {
          "id": 7,
          "startTime": 0,
          "readTime": 0.0,
          "bodyTime": 967.0,
          "writeTime": 0.0,
          "nice": 7,
          "period": 50000,
          "index": 6
        },
        {
          "id": 8,
          "startTime": 0,
          "readTime": 0.0,
          "bodyTime": 22746.0,
          "writeTime": 0.0,
          "nice": 15,
          "period": 800000,
          "index": 7
        },
        {
          "id": 9,
          "startTime": 0,
          "readTime": 0.0,
          "bodyTime": 527.0,
          "writeTime": 0.0,
          "nice": 13,
          "period": 400000,
          "index": 8
        }
      ]
    }
  ]
}