{
  "idNameMap": {
    "1": "task1",
    "2": "task2",
    "3": "task3",
    "4": "task4",
    "5": "task5",
    "6": "task6",
    "7": "task7",
    "8": "task8",
    "9": "task9"
  },
  "mappingInfo": [
    {
      "coreID": 1,
      "tasks": [
        {
          "id": 1,
          "startTime": 0,
          "readTime": 0.0,
          "bodyTime": 20061.0,
          "writeTime": 0.0,
          "nice": 8,
          "period": 700000,
          "index": 0
        },
        {
          "id": 2,
          "startTime": 0,
          "readTime": 0.0,
          "bodyTime": 2290.0,
          "writeTime": 0.0,
          "nice": 13,
          "period": 70000,
          "index": 1
        },
        {
          "id": 3,
          "startTime": 0,
          "readTime": 0.0,
          "bodyTime": 24010.0,
          "writeTime": 0.0,
          "nice": 4,
          "period": 800000,
          "index": 2
        },
        {
          "id": 4,
          "startTime": 0,
          "readTime": 0.0,
          "bodyTime": 9122.0,
          "writeTime": 0.0,
          "nice": 11,
          "period": 500000,
          "index": 3
        },
        {
          "id": 5,
          "startTime": 0,
          "readTime": 0.0,
          "bodyTime": 33735.0,
          "writeTime": 0.0,
          "nice": 9,
          "period": 700000,
          "index": 4
        },
        {
          "id": 6,
          "startTime": 0,
          "readTime": 0.0,
          "bodyTime": 18799.0,
          "writeTime": 0.0,
          "nice": 2,
          "period": 400000,
          "index": 5
        },
        {
          "id": 7,
          "startTime": 0,
          "readTime": 0.0,
          "bodyTime": 3389.0,
          "writeTime": 0.0,
          "nice": 14,
          "period": 200000,
          "index": 6
        },
        {
          "id": 8,
          "startTime": 0,
          "readTime": 0.0,
          "bodyTime": 53220.0,
          "writeTime": 0.0,
          "nice": 14,
          "period": 1000000,
          "index": 7
        },
        {
          "id": 9,
          "startTime": 0,
          "readTime": 0.0,
          "bodyTime": 112532.0,
          "writeTime": 0.0,
          "nice": 16,
          "period": 900000,
          "index": 8
        }
      ]
    }
  ]
}