{
  "idNameMap": {
    "1": "task1",
    "2": "task2",
    "3": "task3",
    "4": "task4",
    "5": "task5",
    "6": "task6",
    "7": "task7",
    "8": "task8",
    "9": "task9"
  },
  "mappingInfo": [
    {
      "coreID": 1,
      "tasks": [
        {
          "id": 1,
          "startTime": 0,
          "readTime": 0.0,
          "bodyTime": 54384.0,
          "writeTime": 0.0,
          "nice": 6,
          "period": 1000000,
          "index": 0
        },
        {
          "id": 2,
          "startTime": 0,
          "readTime": 0.0,
          "bodyTime": 50001.0,
          "writeTime": 0.0,
          "nice": 5,
          "period": 600000,
          "index": 1
        },
        {
          "id": 3,
          "startTime": 0,
          "readTime": 0.0,
          "bodyTime": 64445.0,
          "writeTime": 0.0,
          "nice": 2,
          "period": 1000000,
          "index": 2
        },
        {
          "id": 4,
          "startTime": 0,
          "readTime": 0.0,
          "bodyTime": 40134.0,
          "writeTime": 0.0,
          "nice": 18,
          "period": 500000,
          "index": 3
        },
        {
          "id": 5,
          "startTime": 0,
          "readTime": 0.0,
          "bodyTime": 26735.0,
          "writeTime": 0.0,
          "nice": 16,
          "period": 800000,
          "index": 4
        },
        {
          "id": 6,
          "startTime": 0,
          "readTime": 0.0,
          "bodyTime": 27575.0,
          "writeTime": 0.0,
          "nice": 17,
          "period": 1000000,
          "index": 5
        },
        {
          "id": 7,
          "startTime": 0,
          "readTime": 0.0,
          "bodyTime": 5735.0,
          "writeTime": 0.0,
          "nice": 14,
          "period": 300000,
          "index": 6
        },
        {
          "id": 8,
          "startTime": 0,
          "readTime": 0.0,
          "bodyTime": 17192.0,
          "writeTime": 0.0,
          "nice": 12,
          "period": 600000,
          "index": 7
        },
        {
          "id": 9,
          "startTime": 0,
          "readTime": 0.0,
          "bodyTime": 3524.0,
          "writeTime": 0.0,
          "nice": 17,
          "period": 400000,
          "index": 8
        }
      ]
    }
  ]
}