{
  "idNameMap": {
    "1": "task1",
    "2": "task2",
    "3": "task3",
    "4": "task4",
    "5": "task5",
    "6": "task6",
    "7": "task7",
    "8": "task8",
    "9": "task9"
  },
  "mappingInfo": [
    {
      "coreID": 1,
      "tasks": [
        {
          "id": 1,
          "startTime": 0,
          "readTime": 0.0,
          "bodyTime": 69615.0,
          "writeTime": 0.0,
          "nice": 8,
          "period": 800000,
          "index": 0
        },
        {
          "id": 2,
          "startTime": 0,
          "readTime": 0.0,
          "bodyTime": 84910.0,
          "writeTime": 0.0,
          "nice": 13,
          "period": 1000000,
          "index": 1
        },
        {
          "id": 3,
          "startTime": 0,
          "readTime": 0.0,
          "bodyTime": 5693.0,
          "writeTime": 0.0,
          "nice": 14,
          "period": 400000,
          "index": 2
        },
        {
          "id": 4,
          "startTime": 0,
          "readTime": 0.0,
          "bodyTime": 3493.0,
          "writeTime": 0.0,
          "nice": 16,
          "period": 40000,
          "index": 3
        },
        {
          "id": 5,
          "startTime": 0,
          "readTime": 0.0,
          "bodyTime": 4115.0,
          "writeTime": 0.0,
          "nice": 2,
          "period": 60000,
          "index": 4
        },
        {
          "id": 6,
          "startTime": 0,
          "readTime": 0.0,
          "bodyTime": 506.0,
          "writeTime": 0.0,
          "nice": 14,
          "period": 10000,
          "index": 5
        },
        {
          "id": 7,
          "startTime": 0,
          "readTime": 0.0,
          "bodyTime": 400.0,
          "writeTime": 0.0,
          "nice": 12,
          "period": 400000,
          "index": 6
        },
        {
          "id": 8,
          "startTime": 0,
          "readTime": 0.0,
          "bodyTime": 800.0,
          "writeTime": 0.0,
          "nice": 10,
          "period": 800000,
          "index": 7
        },
        {
          "id": 9,
          "startTime": 0,
          "readTime": 0.0,
          "bodyTime": 164.0,
          "writeTime": 0.0,
          "nice": 11,
          "period": 30000,
          "index": 8
        }
      ]
    }
  ]
}