{
  "idNameMap": {
    "1": "task1",
    "2": "task2",
    "3": "task3",
    "4": "task4",
    "5": "task5",
    "6": "task6",
    "7": "task7",
    "8": "task8",
    "9": "task9"
  },
  "mappingInfo": [
    {
      "coreID": 1,
      "tasks": [
        {
          "id": 1,
          "startTime": 0,
          "readTime": 0.0,
          "bodyTime": 85660.0,
          "writeTime": 0.0,
          "nice": 12,
          "period": 1000000,
          "index": 0
        },
        {
          "id": 2,
          "startTime": 0,
          "readTime": 0.0,
          "bodyTime": 82952.0,
          "writeTime": 0.0,
          "nice": 14,
          "period": 1000000,
          "index": 1
        },
        {
          "id": 3,
          "startTime": 0,
          "readTime": 0.0,
          "bodyTime": 12235.0,
          "writeTime": 0.0,
          "nice": 7,
          "period": 200000,
          "index": 2
        },
        {
          "id": 4,
          "startTime": 0,
          "readTime": 0.0,
          "bodyTime": 14009.0,
          "writeTime": 0.0,
          "nice": 12,
          "period": 300000,
          "index": 3
        },
        {
          "id": 5,
          "startTime": 0,
          "readTime": 0.0,
          "bodyTime": 1320.0,
          "writeTime": 0.0,
          "nice": 1,
          "period": 600000,
          "index": 4
        },
        {
          "id": 6,
          "startTime": 0,
          "readTime": 0.0,
          "bodyTime": 2977.0,
          "writeTime": 0.0,
          "nice": 7,
          "period": 700000,
          "index": 5
        },
        {
          "id": 7,
          "startTime": 0,
          "readTime": 0.0,
          "bodyTime": 16495.0,
          "writeTime": 0.0,
          "nice": 10,
          "period": 200000,
          "index": 6
        },
        {
          "id": 8,
          "startTime": 0,
          "readTime": 0.0,
          "bodyTime": 900.0,
          "writeTime": 0.0,
          "nice": 16,
          "period": 900000,
          "index": 7
        },
        {
          "id": 9,
          "startTime": 0,
          "readTime": 0.0,
          "bodyTime": 33596.0,
          "writeTime": 0.0,
          "nice": 9,
          "period": 1000000,
          "index": 8
        }
      ]
    }
  ]
}