{
  "idNameMap": {
    "1": "task1",
    "2": "task2",
    "3": "task3",
    "4": "task4",
    "5": "task5",
    "6": "task6",
    "7": "task7",
    "8": "task8",
    "9": "task9"
  },
  "mappingInfo": [
    {
      "coreID": 1,
      "tasks": [
        {
          "id": 1,
          "startTime": 0,
          "readTime": 0.0,
          "bodyTime": 46639.0,
          "writeTime": 0.0,
          "nice": 5,
          "period": 700000,
          "index": 0
        },
        {
          "id": 2,
          "startTime": 0,
          "readTime": 0.0,
          "bodyTime": 18969.0,
          "writeTime": 0.0,
          "nice": 6,
          "period": 500000,
          "index": 1
        },
        {
          "id": 3,
          "startTime": 0,
          "readTime": 0.0,
          "bodyTime": 15445.0,
          "writeTime": 0.0,
          "nice": 7,
          "period": 700000,
          "index": 2
        },
        {
          "id": 4,
          "startTime": 0,
          "readTime": 0.0,
          "bodyTime": 15457.0,
          "writeTime": 0.0,
          "nice": 17,
          "period": 500000,
          "index": 3
        },
        {
          "id": 5,
          "startTime": 0,
          "readTime": 0.0,
          "bodyTime": 7029.0,
          "writeTime": 0.0,
          "nice": 6,
          "period": 900000,
          "index": 4
        },
        {
          "id": 6,
          "startTime": 0,
          "readTime": 0.0,
          "bodyTime": 3650.0,
          "writeTime": 0.0,
          "nice": 5,
          "period": 200000,
          "index": 5
        },
        {
          "id": 7,
          "startTime": 0,
          "readTime": 0.0,
          "bodyTime": 5763.0,
          "writeTime": 0.0,
          "nice": 13,
          "period": 600000,
          "index": 6
        },
        {
          "id": 8,
          "startTime": 0,
          "readTime": 0.0,
          "bodyTime": 31979.0,
          "writeTime": 0.0,
          "nice": 17,
          "period": 600000,
          "index": 7
        },
        {
          "id": 9,
          "startTime": 0,
          "readTime": 0.0,
          "bodyTime": 122801.0,
          "writeTime": 0.0,
          "nice": 4,
          "period": 800000,
          "index": 8
        }
      ]
    }
  ]
}