{
  "idNameMap": {
    "1": "task1",
    "2": "task2",
    "3": "task3"
  },
  "mappingInfo": [
    {
      "coreID": 1,
      "tasks": [
        {
          "id": 1,
          "startTime": 0,
          "readTime": 0.0,
          "bodyTime": 38699.0,
          "writeTime": 0.0,
          "nice": 14,
          "period": 800000,
          "index": 0
        },
        {
          "id": 2,
          "startTime": 0,
          "readTime": 0.0,
          "bodyTime": 51773.0,
          "writeTime": 0.0,
          "nice": 14,
          "period": 600000,
          "index": 1
        },
        {
          "id": 3,
          "startTime": 0,
          "readTime": 0.0,
          "bodyTime": 13068.0,
          "writeTime": 0.0,
          "nice": 3,
          "period": 200000,
          "index": 2
        }
      ]
    }
  ]
}