{
  "idNameMap": {
    "1": "task1",
    "2": "task2",
    "3": "task3"
  },
  "mappingInfo": [
    {
      "coreID": 1,
      "tasks": [
        {
          "id": 1,
          "startTime": 0,
          "readTime": 0.0,
          "bodyTime": 9092.0,
          "writeTime": 0.0,
          "nice": 11,
          "period": 200000,
          "index": 0
        },
        {
          "id": 2,
          "startTime": 0,
          "readTime": 0.0,
          "bodyTime": 66634.0,
          "writeTime": 0.0,
          "nice": 17,
          "period": 600000,
          "index": 1
        },
        {
          "id": 3,
          "startTime": 0,
          "readTime": 0.0,
          "bodyTime": 43488.0,
          "writeTime": 0.0,
          "nice": 8,
          "period": 1000000,
          "index": 2
        }
      ]
    }
  ]
}