{
  "idNameMap": {
    "1": "task1",
    "2": "task2",
    "3": "task3"
  },
  "mappingInfo": [
    {
      "coreID": 1,
      "tasks": [
        {
          "id": 1,
          "startTime": 0,
          "readTime": 0.0,
          "bodyTime": 7887.0,
          "writeTime": 0.0,
          "nice": 7,
          "period": 300000,
          "index": 0
        },
        {
          "id": 2,
          "startTime": 0,
          "readTime": 0.0,
          "bodyTime": 36765.0,
          "writeTime": 0.0,
          "nice": 6,
          "period": 300000,
          "index": 1
        },
        {
          "id": 3,
          "startTime": 0,
          "readTime": 0.0,
          "bodyTime": 46048.0,
          "writeTime": 0.0,
          "nice": 10,
          "period": 900000,
          "index": 2
        }
      ]
    }
  ]
}