{
  "idNameMap": {
    "1": "task1",
    "2": "task2",
    "3": "task3"
  },
  "mappingInfo": [
    {
      "coreID": 1,
      "tasks": [
        {
          "id": 1,
          "startTime": 0,
          "readTime": 0.0,
          "bodyTime": 95544.0,
          "writeTime": 0.0,
          "nice": 3,
          "period": 800000,
          "index": 0
        },
        {
          "id": 2,
          "startTime": 0,
          "readTime": 0.0,
          "bodyTime": 48312.0,
          "writeTime": 0.0,
          "nice": 19,
          "period": 700000,
          "index": 1
        },
        {
          "id": 3,
          "startTime": 0,
          "readTime": 0.0,
          "bodyTime": 9245.0,
          "writeTime": 0.0,
          "nice": 5,
          "period": 800000,
          "index": 2
        }
      ]
    }
  ]
}