{
  "idNameMap": {
    "1": "task1",
    "2": "task2",
    "3": "task3"
  },
  "mappingInfo": [
    {
      "coreID": 1,
      "tasks": [
        {
          "id": 1,
          "startTime": 0,
          "readTime": 0.0,
          "bodyTime": 38722.0,
          "writeTime": 0.0,
          "nice": 6,
          "period": 800000,
          "index": 0
        },
        {
          "id": 2,
          "startTime": 0,
          "readTime": 0.0,
          "bodyTime": 5658.0,
          "writeTime": 0.0,
          "nice": 9,
          "period": 80000,
          "index": 1
        },
        {
          "id": 3,
          "startTime": 0,
          "readTime": 0.0,
          "bodyTime": 16175.0,
          "writeTime": 0.0,
          "nice": 0,
          "period": 200000,
          "index": 2
        }
      ]
    }
  ]
}