{
  "idNameMap": {
    "1": "task1",
    "2": "task2",
    "3": "task3"
  },
  "mappingInfo": [
    {
      "coreID": 1,
      "tasks": [
        {
          "id": 1,
          "startTime": 0,
          "readTime": 0.0,
          "bodyTime": 12855.0,
          "writeTime": 0.0,
          "nice": 19,
          "period": 400000,
          "index": 0
        },
        {
          "id": 2,
          "startTime": 0,
          "readTime": 0.0,
          "bodyTime": 32767.0,
          "writeTime": 0.0,
          "nice": 15,
          "period": 300000,
          "index": 1
        },
        {
          "id": 3,
          "startTime": 0,
          "readTime": 0.0,
          "bodyTime": 58644.0,
          "writeTime": 0.0,
          "nice": 11,
          "period": 1000000,
          "index": 2
        }
      ]
    }
  ]
}