{
  "idNameMap": {
    "1": "task1",
    "2": "task2",
    "3": "task3"
  },
  "mappingInfo": [
    {
      "coreID": 1,
      "tasks": [
        {
          "id": 1,
          "startTime": 0,
          "readTime": 0.0,
          "bodyTime": 54589.0,
          "writeTime": 0.0,
          "nice": 12,
          "period": 1000000,
          "index": 0
        },
        {
          "id": 2,
          "startTime": 0,
          "readTime": 0.0,
          "bodyTime": 88491.0,
          "writeTime": 0.0,
          "nice": 2,
          "period": 700000,
          "index": 1
        },
        {
          "id": 3,
          "startTime": 0,
          "readTime": 0.0,
          "bodyTime": 1900.0,
          "writeTime": 0.0,
          "nice": 2,
          "period": 100000,
          "index": 2
        }
      ]
    }
  ]
}