{
  "idNameMap": {
    "1": "task1",
    "2": "task2",
    "3": "task3"
  },
  "mappingInfo": [
    {
      "coreID": 1,
      "tasks": [
        {
          "id": 1,
          "startTime": 0,
          "readTime": 0.0,
          "bodyTime": 87863.0,
          "writeTime": 0.0,
          "nice": 17,
          "period": 1000000,
          "index": 0
        },
        {
          "id": 2,
          "startTime": 0,
          "readTime": 0.0,
          "bodyTime": 29479.0,
          "writeTime": 0.0,
          "nice": 14,
          "period": 400000,
          "index": 1
        },
        {
          "id": 3,
          "startTime": 0,
          "readTime": 0.0,
          "bodyTime": 34597.0,
          "writeTime": 0.0,
          "nice": 17,
          "period": 900000,
          "index": 2
        }
      ]
    }
  ]
}