{
  "idNameMap": {
    "1": "task1",
    "2": "task2",
    "3": "task3"
  },
  "mappingInfo": [
    {
      "coreID": 1,
      "tasks": [
        {
          "id": 1,
          "startTime": 0,
          "readTime": 0.0,
          "bodyTime": 191.0,
          "writeTime": 0.0,
          "nice": 8,
          "period": 20000,
          "index": 0
        },
        {
          "id": 2,
          "startTime": 0,
          "readTime": 0.0,
          "bodyTime": 25065.0,
          "writeTime": 0.0,
          "nice": 14,
          "period": 1000000,
          "index": 1
        },
        {
          "id": 3,
          "startTime": 0,
          "readTime": 0.0,
          "bodyTime": 49618.0,
          "writeTime": 0.0,
          "nice": 14,
          "period": 300000,
          "index": 2
        }
      ]
    }
  ]
}