{
  "idNameMap": {
    "1": "task1",
    "2": "task2",
    "3": "task3"
  },
  "mappingInfo": [
    {
      "coreID": 1,
      "tasks": [
        {
          "id": 1,
          "startTime": 0,
          "readTime": 0.0,
          "bodyTime": 39682.0,
          "writeTime": 0.0,
          "nice": 17,
          "period": 600000,
          "index": 0
        },
        {
          "id": 2,
          "startTime": 0,
          "readTime": 0.0,
          "bodyTime": 36181.0,
          "writeTime": 0.0,
          "nice": 1,
          "period": 400000,
          "index": 1
        },
        {
          "id": 3,
          "startTime": 0,
          "readTime": 0.0,
          "bodyTime": 8683.0,
          "writeTime": 0.0,
          "nice": 16,
          "period": 200000,
          "index": 2
        }
      ]
    }
  ]
}