{
  "idNameMap": {
    "1": "task1",
    "2": "task2",
    "3": "task3",
    "4": "task4",
    "5": "task5",
    "6": "task6",
    "7": "task7",
    "8": "task8",
    "9": "task9"
  },
  "mappingInfo": [
    {
      "coreID": 1,
      "tasks": [
        {
          "id": 1,
          "startTime": 0,
          "readTime": 0.0,
          "bodyTime": 2029.0,
          "writeTime": 0.0,
          "nice": 16,
          "period": 300000,
          "index": 0
        },
        {
          "id": 2,
          "startTime": 0,
          "readTime": 0.0,
          "bodyTime": 7040.0,
          "writeTime": 0.0,
          "nice": 19,
          "period": 400000,
          "index": 1
        },
        {
          "id": 3,
          "startTime": 0,
          "readTime": 0.0,
          "bodyTime": 10603.0,
          "writeTime": 0.0,
          "nice": 16,
          "period": 600000,
          "index": 2
        },
        {
          "id": 4,
          "startTime": 0,
          "readTime": 0.0,
          "bodyTime": 5457.0,
          "writeTime": 0.0,
          "nice": 17,
          "period": 600000,
          "index": 3
        },
        {
          "id": 5,
          "startTime": 0,
          "readTime": 0.0,
          "bodyTime": 6921.0,
          "writeTime": 0.0,
          "nice": 0,
          "period": 200000,
          "index": 4
        },
        {
          "id": 6,
          "startTime": 0,
          "readTime": 0.0,
          "bodyTime": 28447.0,
          "writeTime": 0.0,
          "nice": 2,
          "period": 900000,
          "index": 5
        },
        {
          "id": 7,
          "startTime": 0,
          "readTime": 0.0,
          "bodyTime": 18946.0,
          "writeTime": 0.0,
          "nice": 16,
          "period": 500000,
          "index": 6
        },
        {
          "id": 8,
          "startTime": 0,
          "readTime": 0.0,
          "bodyTime": 11657.0,
          "writeTime": 0.0,
          "nice": 12,
          "period": 500000,
          "index": 7
        },
        {
          "id": 9,
          "startTime": 0,
          "readTime": 0.0,
          "bodyTime": 19315.0,
          "writeTime": 0.0,
          "nice": 8,
          "period": 900000,
          "index": 8
        }
      ]
    }
  ]
}