{
  "idNameMap": {
    "1": "task1",
    "2": "task2",
    "3": "task3",
    "4": "task4",
    "5": "task5",
    "6": "task6",
    "7": "task7",
    "8": "task8",
    "9": "task9"
  },
  "mappingInfo": [
    {
      "coreID": 1,
      "tasks": [
        {
          "id": 1,
          "startTime": 0,
          "readTime": 0.0,
          "bodyTime": 24898.0,
          "writeTime": 0.0,
          "nice": 10,
          "period": 1000000,
          "index": 0
        },
        {
          "id": 2,
          "startTime": 0,
          "readTime": 0.0,
          "bodyTime": 1296.0,
          "writeTime": 0.0,
          "nice": 10,
          "period": 40000,
          "index": 1
        },
        {
          "id": 3,
          "startTime": 0,
          "readTime": 0.0,
          "bodyTime": 31203.0,
          "writeTime": 0.0,
          "nice": 4,
          "period": 800000,
          "index": 2
        },
        {
          "id": 4,
          "startTime": 0,
          "readTime": 0.0,
          "bodyTime": 20829.0,
          "writeTime": 0.0,
          "nice": 2,
          "period": 900000,
          "index": 3
        },
        {
          "id": 5,
          "startTime": 0,
          "readTime": 0.0,
          "bodyTime": 70.0,
          "writeTime": 0.0,
          "nice": 18,
          "period": 10000,
          "index": 4
        },
        {
          "id": 6,
          "startTime": 0,
          "readTime": 0.0,
          "bodyTime": 12772.0,
          "writeTime": 0.0,
          "nice": 15,
          "period": 400000,
          "index": 5
        },
        {
          "id": 7,
          "startTime": 0,
          "readTime": 0.0,
          "bodyTime": 2889.0,
          "writeTime": 0.0,
          "nice": 4,
          "period": 300000,
          "index": 6
        },
        {
          "id": 8,
          "startTime": 0,
          "readTime": 0.0,
          "bodyTime": 9424.0,
          "writeTime": 0.0,
          "nice": 12,
          "period": 1000000,
          "index": 7
        },
        {
          "id": 9,
          "startTime": 0,
          "readTime": 0.0,
          "bodyTime": 18082.0,
          "writeTime": 0.0,
          "nice": 7,
          "period": 800000,
          "index": 8
        }
      ]
    }
  ]
}