{
  "idNameMap": {
    "1": "task1",
    "2": "task2",
    "3": "task3",
    "4": "task4",
    "5": "task5",
    "6": "task6",
    "7": "task7",
    "8": "task8",
    "9": "task9"
  },
  "mappingInfo": [
    {
      "coreID": 1,
      "tasks": [
        {
          "id": 1,
          "startTime": 0,
          "readTime": 0.0,
          "bodyTime": 21915.0,
          "writeTime": 0.0,
          "nice": 14,
          "period": 700000,
          "index": 0
        },
        {
          "id": 2,
          "startTime": 0,
          "readTime": 0.0,
          "bodyTime": 21557.0,
          "writeTime": 0.0,
          "nice": 3,
          "period": 800000,
          "index": 1
        },
        {
          "id": 3,
          "startTime": 0,
          "readTime": 0.0,
          "bodyTime": 1250.0,
          "writeTime": 0.0,
          "nice": 11,
          "period": 500000,
          "index": 2
        },
        {
          "id": 4,
          "startTime": 0,
          "readTime": 0.0,
          "bodyTime": 1733.0,
          "writeTime": 0.0,
          "nice": 4,
          "period": 50000,
          "index": 3
        },
        {
          "id": 5,
          "startTime": 0,
          "readTime": 0.0,
          "bodyTime": 28246.0,
          "writeTime": 0.0,
          "nice": 10,
          "period": 800000,
          "index": 4
        },
        {
          "id": 6,
          "startTime": 0,
          "readTime": 0.0,
          "bodyTime": 3959.0,
          "writeTime": 0.0,
          "nice": 5,
          "period": 200000,
          "index": 5
        },
        {
          "id": 7,
          "startTime": 0,
          "readTime": 0.0,
          "bodyTime": 17557.0,
          "writeTime": 0.0,
          "nice": 0,
          "period": 1000000,
          "index": 6
        },
        {
          "id": 8,
          "startTime": 0,
          "readTime": 0.0,
          "bodyTime": 10.0,
          "writeTime": 0.0,
          "nice": 15,
          "period": 10000,
          "index": 7
        },
        {
          "id": 9,
          "startTime": 0,
          "readTime": 0.0,
          "bodyTime": 15469.0,
          "writeTime": 0.0,
          "nice": 15,
          "period": 500000,
          "index": 8
        }
      ]
    }
  ]
}