{
  "idNameMap": {
    "1": "task1",
    "2": "task2",
    "3": "task3",
    "4": "task4",
    "5": "task5",
    "6": "task6",
    "7": "task7",
    "8": "task8",
    "9": "task9"
  },
  "mappingInfo": [
    {
      "coreID": 1,
      "tasks": [
        {
          "id": 1,
          "startTime": 0,
          "readTime": 0.0,
          "bodyTime": 3338.0,
          "writeTime": 0.0,
          "nice": 14,
          "period": 200000,
          "index": 0
        },
        {
          "id": 2,
          "startTime": 0,
          "readTime": 0.0,
          "bodyTime": 7840.0,
          "writeTime": 0.0,
          "nice": 5,
          "period": 700000,
          "index": 1
        },
        {
          "id": 3,
          "startTime": 0,
          "readTime": 0.0,
          "bodyTime": 432.0,
          "writeTime": 0.0,
          "nice": 10,
          "period": 100000,
          "index": 2
        },
        {
          "id": 4,
          "startTime": 0,
          "readTime": 0.0,
          "bodyTime": 3707.0,
          "writeTime": 0.0,
          "nice": 18,
          "period": 500000,
          "index": 3
        },
        {
          "id": 5,
          "startTime": 0,
          "readTime": 0.0,
          "bodyTime": 3783.0,
          "writeTime": 0.0,
          "nice": 2,
          "period": 90000,
          "index": 4
        },
        {
          "id": 6,
          "startTime": 0,
          "readTime": 0.0,
          "bodyTime": 26684.0,
          "writeTime": 0.0,
          "nice": 14,
          "period": 700000,
          "index": 5
        },
        {
          "id": 7,
          "startTime": 0,
          "readTime": 0.0,
          "bodyTime": 17336.0,
          "writeTime": 0.0,
          "nice": 18,
          "period": 600000,
          "index": 6
        },
        {
          "id": 8,
          "startTime": 0,
          "readTime": 0.0,
          "bodyTime": 31106.0,
          "writeTime": 0.0,
          "nice": 16,
          "period": 900000,
          "index": 7
        },
        {
          "id": 9,
          "startTime": 0,
          "readTime": 0.0,
          "bodyTime": 15105.0,
          "writeTime": 0.0,
          "nice": 14,
          "period": 900000,
          "index": 8
        }
      ]
    }
  ]
}