{
  "idNameMap": {
    "1": "task1",
    "2": "task2",
    "3": "task3",
    "4": "task4",
    "5": "task5",
    "6": "task6",
    "7": "task7",
    "8": "task8",
    "9": "task9"
  },
  "mappingInfo": [
    {
      "coreID": 1,
      "tasks": [
        {
          "id": 1,
          "startTime": 0,
          "readTime": 0.0,
          "bodyTime": 8579.0,
          "writeTime": 0.0,
          "nice": 14,
          "period": 500000,
          "index": 0
        },
        {
          "id": 2,
          "startTime": 0,
          "readTime": 0.0,
          "bodyTime": 743.0,
          "writeTime": 0.0,
          "nice": 18,
          "period": 30000,
          "index": 1
        },
        {
          "id": 3,
          "startTime": 0,
          "readTime": 0.0,
          "bodyTime": 6923.0,
          "writeTime": 0.0,
          "nice": 6,
          "period": 600000,
          "index": 2
        },
        {
          "id": 4,
          "startTime": 0,
          "readTime": 0.0,
          "bodyTime": 23999.0,
          "writeTime": 0.0,
          "nice": 6,
          "period": 1000000,
          "index": 3
        },
        {
          "id": 5,
          "startTime": 0,
          "readTime": 0.0,
          "bodyTime": 10648.0,
          "writeTime": 0.0,
          "nice": 13,
          "period": 400000,
          "index": 4
        },
        {
          "id": 6,
          "startTime": 0,
          "readTime": 0.0,
          "bodyTime": 25261.0,
          "writeTime": 0.0,
          "nice": 11,
          "period": 1000000,
          "index": 5
        },
        {
          "id": 7,
          "startTime": 0,
          "readTime": 0.0,
          "bodyTime": 35114.0,
          "writeTime": 0.0,
          "nice": 13,
          "period": 900000,
          "index": 6
        },
        {
          "id": 8,
          "startTime": 0,
          "readTime": 0.0,
          "bodyTime": 1976.0,
          "writeTime": 0.0,
          "nice": 17,
          "period": 100000,
          "index": 7
        },
        {
          "id": 9,
          "startTime": 0,
          "readTime": 0.0,
          "bodyTime": 4771.0,
          "writeTime": 0.0,
          "nice": 10,
          "period": 400000,
          "index": 8
        }
      ]
    }
  ]
}