{
  "idNameMap": {
    "1": "task1",
    "2": "task2",
    "3": "task3",
    "4": "task4",
    "5": "task5",
    "6": "task6",
    "7": "task7",
    "8": "task8",
    "9": "task9"
  },
  "mappingInfo": [
    {
      "coreID": 1,
      "tasks": [
        {
          "id": 1,
          "startTime": 0,
          "readTime": 0.0,
          "bodyTime": 25933.0,
          "writeTime": 0.0,
          "nice": 5,
          "period": 700000,
          "index": 0
        },
        {
          "id": 2,
          "startTime": 0,
          "readTime": 0.0,
          "bodyTime": 322.0,
          "writeTime": 0.0,
          "nice": 3,
          "period": 200000,
          "index": 1
        },
        {
          "id": 3,
          "startTime": 0,
          "readTime": 0.0,
          "bodyTime": 28633.0,
          "writeTime": 0.0,
          "nice": 3,
          "period": 700000,
          "index": 2
        },
        {
          "id": 4,
          "startTime": 0,
          "readTime": 0.0,
          "bodyTime": 1007.0,
          "writeTime": 0.0,
          "nice": 14,
          "period": 70000,
          "index": 3
        },
        {
          "id": 5,
          "startTime": 0,
          "readTime": 0.0,
          "bodyTime": 2144.0,
          "writeTime": 0.0,
          "nice": 12,
          "period": 800000,
          "index": 4
        },
        {
          "id": 6,
          "startTime": 0,
          "readTime": 0.0,
          "bodyTime": 20361.0,
          "writeTime": 0.0,
          "nice": 2,
          "period": 500000,
          "index": 5
        },
        {
          "id": 7,
          "startTime": 0,
          "readTime": 0.0,
          "bodyTime": 17476.0,
          "writeTime": 0.0,
          "nice": 4,
          "period": 1000000,
          "index": 6
        },
        {
          "id": 8,
          "startTime": 0,
          "readTime": 0.0,
          "bodyTime": 3873.0,
          "writeTime": 0.0,
          "nice": 12,
          "period": 90000,
          "index": 7
        },
        {
          "id": 9,
          "startTime": 0,
          "readTime": 0.0,
          "bodyTime": 865.0,
          "writeTime": 0.0,
          "nice": 18,
          "period": 400000,
          "index": 8
        }
      ]
    }
  ]
}