{
  "idNameMap": {
    "1": "task1",
    "2": "task2",
    "3": "task3",
    "4": "task4",
    "5": "task5",
    "6": "task6",
    "7": "task7",
    "8": "task8",
    "9": "task9"
  },
  "mappingInfo": [
    {
      "coreID": 1,
      "tasks": [
        {
          "id": 1,
          "startTime": 0,
          "readTime": 0.0,
          "bodyTime": 6110.0,
          "writeTime": 0.0,
          "nice": 18,
          "period": 300000,
          "index": 0
        },
        {
          "id": 2,
          "startTime": 0,
          "readTime": 0.0,
          "bodyTime": 1371.0,
          "writeTime": 0.0,
          "nice": 1,
          "period": 400000,
          "index": 1
        },
        {
          "id": 3,
          "startTime": 0,
          "readTime": 0.0,
          "bodyTime": 4437.0,
          "writeTime": 0.0,
          "nice": 5,
          "period": 700000,
          "index": 2
        },
        {
          "id": 4,
          "startTime": 0,
          "readTime": 0.0,
          "bodyTime": 3440.0,
          "writeTime": 0.0,
          "nice": 1,
          "period": 400000,
          "index": 3
        },
        {
          "id": 5,
          "startTime": 0,
          "readTime": 0.0,
          "bodyTime": 43368.0,
          "writeTime": 0.0,
          "nice": 1,
          "period": 1000000,
          "index": 4
        },
        {
          "id": 6,
          "startTime": 0,
          "readTime": 0.0,
          "bodyTime": 2757.0,
          "writeTime": 0.0,
          "nice": 10,
          "period": 300000,
          "index": 5
        },
        {
          "id": 7,
          "startTime": 0,
          "readTime": 0.0,
          "bodyTime": 394.0,
          "writeTime": 0.0,
          "nice": 10,
          "period": 70000,
          "index": 6
        },
        {
          "id": 8,
          "startTime": 0,
          "readTime": 0.0,
          "bodyTime": 11757.0,
          "writeTime": 0.0,
          "nice": 8,
          "period": 700000,
          "index": 7
        },
        {
          "id": 9,
          "startTime": 0,
          "readTime": 0.0,
          "bodyTime": 2589.0,
          "writeTime": 0.0,
          "nice": 16,
          "period": 30000,
          "index": 8
        }
      ]
    }
  ]
}