{
  "idNameMap": {
    "1": "task1",
    "2": "task2",
    "3": "task3",
    "4": "task4",
    "5": "task5",
    "6": "task6",
    "7": "task7",
    "8": "task8",
    "9": "task9"
  },
  "mappingInfo": [
    {
      "coreID": 1,
      "tasks": [
        {
          "id": 1,
          "startTime": 0,
          "readTime": 0.0,
          "bodyTime": 13887.0,
          "writeTime": 0.0,
          "nice": 12,
          "period": 500000,
          "index": 0
        },
        {
          "id": 2,
          "startTime": 0,
          "readTime": 0.0,
          "bodyTime": 1829.0,
          "writeTime": 0.0,
          "nice": 4,
          "period": 900000,
          "index": 1
        },
        {
          "id": 3,
          "startTime": 0,
          "readTime": 0.0,
          "bodyTime": 8552.0,
          "writeTime": 0.0,
          "nice": 0,
          "period": 400000,
          "index": 2
        },
        {
          "id": 4,
          "startTime": 0,
          "readTime": 0.0,
          "bodyTime": 5540.0,
          "writeTime": 0.0,
          "nice": 6,
          "period": 200000,
          "index": 3
        },
        {
          "id": 5,
          "startTime": 0,
          "readTime": 0.0,
          "bodyTime": 4191.0,
          "writeTime": 0.0,
          "nice": 11,
          "period": 300000,
          "index": 4
        },
        {
          "id": 6,
          "startTime": 0,
          "readTime": 0.0,
          "bodyTime": 10475.0,
          "writeTime": 0.0,
          "nice": 4,
          "period": 500000,
          "index": 5
        },
        {
          "id": 7,
          "startTime": 0,
          "readTime": 0.0,
          "bodyTime": 43848.0,
          "writeTime": 0.0,
          "nice": 10,
          "period": 1000000,
          "index": 6
        },
        {
          "id": 8,
          "startTime": 0,
          "readTime": 0.0,
          "bodyTime": 1496.0,
          "writeTime": 0.0,
          "nice": 13,
          "period": 600000,
          "index": 7
        },
        {
          "id": 9,
          "startTime": 0,
          "readTime": 0.0,
          "bodyTime": 39858.0,
          "writeTime": 0.0,
          "nice": 9,
          "period": 1000000,
          "index": 8
        }
      ]
    }
  ]
}