{
  "idNameMap": {
    "1": "task1",
    "2": "task2",
    "3": "task3",
    "4": "task4",
    "5": "task5",
    "6": "task6",
    "7": "task7",
    "8": "task8",
    "9": "task9"
  },
  "mappingInfo": [
    {
      "coreID": 1,
      "tasks": [
        {
          "id": 1,
          "startTime": 0,
          "readTime": 0.0,
          "bodyTime": 2435.0,
          "writeTime": 0.0,
          "nice": 17,
          "period": 400000,
          "index": 0
        },
        {
          "id": 2,
          "startTime": 0,
          "readTime": 0.0,
          "bodyTime": 280.0,
          "writeTime": 0.0,
          "nice": 8,
          "period": 70000,
          "index": 1
        },
        {
          "id": 3,
          "startTime": 0,
          "readTime": 0.0,
          "bodyTime": 16477.0,
          "writeTime": 0.0,
          "nice": 18,
          "period": 400000,
          "index": 2
        },
        {
          "id": 4,
          "startTime": 0,
          "readTime": 0.0,
          "bodyTime": 23766.0,
          "writeTime": 0.0,
          "nice": 2,
          "period": 900000,
          "index": 3
        },
        {
          "id": 5,
          "startTime": 0,
          "readTime": 0.0,
          "bodyTime": 27335.0,
          "writeTime": 0.0,
          "nice": 4,
          "period": 800000,
          "index": 4
        },
        {
          "id": 6,
          "startTime": 0,
          "readTime": 0.0,
          "bodyTime": 1608.0,
          "writeTime": 0.0,
          "nice": 6,
          "period": 500000,
          "index": 5
        },
        {
          "id": 7,
          "startTime": 0,
          "readTime": 0.0,
          "bodyTime": 14413.0,
          "writeTime": 0.0,
          "nice": 1,
          "period": 800000,
          "index": 6
        },
        {
          "id": 8,
          "startTime": 0,
          "readTime": 0.0,
          "bodyTime": 13142.0,
          "writeTime": 0.0,
          "nice": 9,
          "period": 900000,
          "index": 7
        },
        {
          "id": 9,
          "startTime": 0,
          "readTime": 0.0,
          "bodyTime": 3663.0,
          "writeTime": 0.0,
          "nice": 4,
          "period": 70000,
          "index": 8
        }
      ]
    }
  ]
}