{
  "idNameMap": {
    "1": "task1",
    "2": "task2",
    "3": "task3",
    "4": "task4",
    "5": "task5",
    "6": "task6",
    "7": "task7",
    "8": "task8",
    "9": "task9"
  },
  "mappingInfo": [
    {
      "coreID": 1,
      "tasks": [
        {
          "id": 1,
          "startTime": 0,
          "readTime": 0.0,
          "bodyTime": 1787.0,
          "writeTime": 0.0,
          "nice": 5,
          "period": 600000,
          "index": 0
        },
        {
          "id": 2,
          "startTime": 0,
          "readTime": 0.0,
          "bodyTime": 1382.0,
          "writeTime": 0.0,
          "nice": 16,
          "period": 90000,
          "index": 1
        },
        {
          "id": 3,
          "startTime": 0,
          "readTime": 0.0,
          "bodyTime": 12641.0,
          "writeTime": 0.0,
          "nice": 8,
          "period": 300000,
          "index": 2
        },
        {
          "id": 4,
          "startTime": 0,
          "readTime": 0.0,
          "bodyTime": 16243.0,
          "writeTime": 0.0,
          "nice": 16,
          "period": 600000,
          "index": 3
        },
        {
          "id": 5,
          "startTime": 0,
          "readTime": 0.0,
          "bodyTime": 21337.0,
          "writeTime": 0.0,
          "nice": 4,
          "period": 500000,
          "index": 4
        },
        {
          "id": 6,
          "startTime": 0,
          "readTime": 0.0,
          "bodyTime": 21045.0,
          "writeTime": 0.0,
          "nice": 2,
          "period": 1000000,
          "index": 5
        },
        {
          "id": 7,
          "startTime": 0,
          "readTime": 0.0,
          "bodyTime": 3918.0,
          "writeTime": 0.0,
          "nice": 6,
          "period": 200000,
          "index": 6
        },
        {
          "id": 8,
          "startTime": 0,
          "readTime": 0.0,
          "bodyTime": 2051.0,
          "writeTime": 0.0,
          "nice": 15,
          "period": 90000,
          "index": 7
        },
        {
          "id": 9,
          "startTime": 0,
          "readTime": 0.0,
          "bodyTime": 5742.0,
          "writeTime": 0.0,
          "nice": 17,
          "period": 900000,
          "index": 8
        }
      ]
    }
  ]
}