{
  "idNameMap": {
    "1": "task1",
    "2": "task2",
    "3": "task3",
    "4": "task4",
    "5": "task5",
    "6": "task6",
    "7": "task7",
    "8": "task8",
    "9": "task9"
  },
  "mappingInfo": [
    {
      "coreID": 1,
      "tasks": [
        {
          "id": 1,
          "startTime": 0,
          "readTime": 0.0,
          "bodyTime": 2527.0,
          "writeTime": 0.0,
          "nice": 2,
          "period": 100000,
          "index": 0
        },
        {
          "id": 2,
          "startTime": 0,
          "readTime": 0.0,
          "bodyTime": 35807.0,
          "writeTime": 0.0,
          "nice": 0,
          "period": 1000000,
          "index": 1
        },
        {
          "id": 3,
          "startTime": 0,
          "readTime": 0.0,
          "bodyTime": 1122.0,
          "writeTime": 0.0,
          "nice": 6,
          "period": 80000,
          "index": 2
        },
        {
          "id": 4,
          "startTime": 0,
          "readTime": 0.0,
          "bodyTime": 10709.0,
          "writeTime": 0.0,
          "nice": 3,
          "period": 300000,
          "index": 3
        },
        {
          "id": 5,
          "startTime": 0,
          "readTime": 0.0,
          "bodyTime": 17714.0,
          "writeTime": 0.0,
          "nice": 5,
          "period": 900000,
          "index": 4
        },
        {
          "id": 6,
          "startTime": 0,
          "readTime": 0.0,
          "bodyTime": 12025.0,
          "writeTime": 0.0,
          "nice": 18,
          "period": 1000000,
          "index": 5
        },
        {
          "id": 7,
          "startTime": 0,
          "readTime": 0.0,
          "bodyTime": 2837.0,
          "writeTime": 0.0,
          "nice": 10,
          "period": 200000,
          "index": 6
        },
        {
          "id": 8,
          "startTime": 0,
          "readTime": 0.0,
          "bodyTime": 29228.0,
          "writeTime": 0.0,
          "nice": 19,
          "period": 900000,
          "index": 7
        },
        {
          "id": 9,
          "startTime": 0,
          "readTime": 0.0,
          "bodyTime": 8683.0,
          "writeTime": 0.0,
          "nice": 12,
          "period": 800000,
          "index": 8
        }
      ]
    }
  ]
}