{
  "idNameMap": {
    "1": "task1",
    "2": "task2",
    "3": "task3",
    "4": "task4",
    "5": "task5",
    "6": "task6",
    "7": "task7",
    "8": "task8",
    "9": "task9",
    "10": "task10",
    "11": "task11",
    "12": "task12"
  },
  "mappingInfo": [
    {
      "coreID": 1,
      "tasks": [
        {
          "id": 1,
          "startTime": 0,
          "readTime": 0.0,
          "bodyTime": 552,
          "writeTime": 0.0,
          "nice": -19,
          "period": 50000.0,
          "initialPriority": -1,
          "index": 0
        },
        {
          "id": 2,
          "startTime": 0,
          "readTime": 0.0,
          "bodyTime": 5048,
          "writeTime": 0.0,
          "nice": -10,
          "period": 300000.0,
          "initialPriority": -1,
          "index": 1
        },
        {
          "id": 3,
          "startTime": 0,
          "readTime": 0.0,
          "bodyTime": 8594,
          "writeTime": 0.0,
          "nice": -5,
          "period": 1000000.0,
          "initialPriority": -1,
          "index": 2
        },
        {
          "id": 4,
          "startTime": 0,
          "readTime": 0.0,
          "bodyTime": 12689,
          "writeTime": 0.0,
          "nice": -12,
          "period": 200000.0,
          "initialPriority": -1,
          "index": 3
        },
        {
          "id": 5,
          "startTime": 0,
          "readTime": 0.0,
          "bodyTime": 7262,
          "writeTime": 0.0,
          "nice": -12,
          "period": 200000.0,
          "initialPriority": -1,
          "index": 4
        },
        {
          "id": 6,
          "startTime": 0,
          "readTime": 0.0,
          "bodyTime": 27317,
          "writeTime": 0.0,
          "nice": -5,
          "period": 1000000.0,
          "initialPriority": -1,
          "index": 5
        },
        {
          "id": 7,
          "startTime": 0,
          "readTime": 0.0,
          "bodyTime": 23051,
          "writeTime": 0.0,
          "nice": -5,
          "period": 1000000.0,
          "initialPriority": -1,
          "index": 6
        },
        {
          "id": 8,
          "startTime": 0,
          "readTime": 0.0,
          "bodyTime": 2408,
          "writeTime": 0.0,
          "nice": -5,
          "period": 1000000.0,
          "initialPriority": -1,
          "index": 7
        },
        {
          "id": 9,
          "startTime": 0,
          "readTime": 0.0,
          "bodyTime": 67,
          "writeTime": 0.0,
          "nice": -8,
          "period": 500000.0,
          "initialPriority": -1,
          "index": 8
        },
        {
          "id": 10,
          "startTime": 0,
          "readTime": 0.0,
          "bodyTime": 5454,
          "writeTime": 0.0,
          "nice": -19,
          "period": 50000.0,
          "initialPriority": -1,
          "index": 9
        },
        {
          "id": 11,
          "startTime": 0,
          "readTime": 0.0,
          "bodyTime": 5453,
          "writeTime": 0.0,
          "nice": -12,
          "period": 200000.0,
          "initialPriority": -1,
          "index": 10
        },
        {
          "id": 12,
          "startTime": 0,
          "readTime": 0.0,
          "bodyTime": 74567,
          "writeTime": 0.0,
          "nice": -5,
          "period": 1000000.0,
          "initialPriority": -1,
          "index": 11
        }
      ]
    }
  ]
}