{
  "idNameMap": {
    "1": "task1",
    "2": "task2",
    "3": "task3",
    "4": "task4",
    "5": "task5",
    "6": "task6"
  },
  "mappingInfo": [
    {
      "coreID": 1,
      "tasks": [
        {
          "id": 1,
          "startTime": 0,
          "readTime": 0.0,
          "bodyTime": 54623.0,
          "writeTime": 0.0,
          "nice": 2,
          "period": 700000,
          "index": 0
        },
        {
          "id": 2,
          "startTime": 0,
          "readTime": 0.0,
          "bodyTime": 174721.0,
          "writeTime": 0.0,
          "nice": 11,
          "period": 800000,
          "index": 1
        },
        {
          "id": 3,
          "startTime": 0,
          "readTime": 0.0,
          "bodyTime": 18238.0,
          "writeTime": 0.0,
          "nice": 9,
          "period": 200000,
          "index": 2
        },
        {
          "id": 4,
          "startTime": 0,
          "readTime": 0.0,
          "bodyTime": 138896.0,
          "writeTime": 0.0,
          "nice": 18,
          "period": 700000,
          "index": 3
        },
        {
          "id": 5,
          "startTime": 0,
          "readTime": 0.0,
          "bodyTime": 1000.0,
          "writeTime": 0.0,
          "nice": 0,
          "period": 1000000,
          "index": 4
        },
        {
          "id": 6,
          "startTime": 0,
          "readTime": 0.0,
          "bodyTime": 149070.0,
          "writeTime": 0.0,
          "nice": 3,
          "period": 700000,
          "index": 5
        }
      ]
    }
  ]
}