{
  "idNameMap": {
    "1": "task1",
    "2": "task2",
    "3": "task3",
    "4": "task4",
    "5": "task5",
    "6": "task6"
  },
  "mappingInfo": [
    {
      "coreID": 1,
      "tasks": [
        {
          "id": 1,
          "startTime": 0,
          "readTime": 0.0,
          "bodyTime": 23726.0,
          "writeTime": 0.0,
          "nice": 7,
          "period": 500000,
          "index": 0
        },
        {
          "id": 2,
          "startTime": 0,
          "readTime": 0.0,
          "bodyTime": 106616.0,
          "writeTime": 0.0,
          "nice": 18,
          "period": 400000,
          "index": 1
        },
        {
          "id": 3,
          "startTime": 0,
          "readTime": 0.0,
          "bodyTime": 16443.0,
          "writeTime": 0.0,
          "nice": 10,
          "period": 300000,
          "index": 2
        },
        {
          "id": 4,
          "startTime": 0,
          "readTime": 0.0,
          "bodyTime": 214240.0,
          "writeTime": 0.0,
          "nice": 7,
          "period": 1000000,
          "index": 3
        },
        {
          "id": 5,
          "startTime": 0,
          "readTime": 0.0,
          "bodyTime": 7416.0,
          "writeTime": 0.0,
          "nice": 13,
          "period": 60000,
          "index": 4
        },
        {
          "id": 6,
          "startTime": 0,
          "readTime": 0.0,
          "bodyTime": 28011.0,
          "writeTime": 0.0,
          "nice": 18,
          "period": 300000,
          "index": 5
        }
      ]
    }
  ]
}