{
  "idNameMap": {
    "1": "task1",
    "2": "task2",
    "3": "task3",
    "4": "task4",
    "5": "task5",
    "6": "task6"
  },
  "mappingInfo": [
    {
      "coreID": 1,
      "tasks": [
        {
          "id": 1,
          "startTime": 0,
          "readTime": 0.0,
          "bodyTime": 2412.0,
          "writeTime": 0.0,
          "nice": 6,
          "period": 20000,
          "index": 0
        },
        {
          "id": 2,
          "startTime": 0,
          "readTime": 0.0,
          "bodyTime": 87152.0,
          "writeTime": 0.0,
          "nice": 9,
          "period": 900000,
          "index": 1
        },
        {
          "id": 3,
          "startTime": 0,
          "readTime": 0.0,
          "bodyTime": 1923.0,
          "writeTime": 0.0,
          "nice": 5,
          "period": 80000,
          "index": 2
        },
        {
          "id": 4,
          "startTime": 0,
          "readTime": 0.0,
          "bodyTime": 59851.0,
          "writeTime": 0.0,
          "nice": 7,
          "period": 400000,
          "index": 3
        },
        {
          "id": 5,
          "startTime": 0,
          "readTime": 0.0,
          "bodyTime": 109139.0,
          "writeTime": 0.0,
          "nice": 18,
          "period": 900000,
          "index": 4
        },
        {
          "id": 6,
          "startTime": 0,
          "readTime": 0.0,
          "bodyTime": 287652.0,
          "writeTime": 0.0,
          "nice": 12,
          "period": 1000000,
          "index": 5
        }
      ]
    }
  ]
}