{
  "idNameMap": {
    "1": "task1",
    "2": "task2",
    "3": "task3",
    "4": "task4",
    "5": "task5",
    "6": "task6"
  },
  "mappingInfo": [
    {
      "coreID": 1,
      "tasks": [
        {
          "id": 1,
          "startTime": 0,
          "readTime": 0.0,
          "bodyTime": 9123.0,
          "writeTime": 0.0,
          "nice": 12,
          "period": 60000,
          "index": 0
        },
        {
          "id": 2,
          "startTime": 0,
          "readTime": 0.0,
          "bodyTime": 15546.0,
          "writeTime": 0.0,
          "nice": 9,
          "period": 200000,
          "index": 1
        },
        {
          "id": 3,
          "startTime": 0,
          "readTime": 0.0,
          "bodyTime": 76164.0,
          "writeTime": 0.0,
          "nice": 1,
          "period": 300000,
          "index": 2
        },
        {
          "id": 4,
          "startTime": 0,
          "readTime": 0.0,
          "bodyTime": 39546.0,
          "writeTime": 0.0,
          "nice": 11,
          "period": 200000,
          "index": 3
        },
        {
          "id": 5,
          "startTime": 0,
          "readTime": 0.0,
          "bodyTime": 8146.0,
          "writeTime": 0.0,
          "nice": 2,
          "period": 900000,
          "index": 4
        },
        {
          "id": 6,
          "startTime": 0,
          "readTime": 0.0,
          "bodyTime": 109585.0,
          "writeTime": 0.0,
          "nice": 15,
          "period": 1000000,
          "index": 5
        }
      ]
    }
  ]
}