{
  "idNameMap": {
    "1": "task1",
    "2": "task2",
    "3": "task3",
    "4": "task4",
    "5": "task5",
    "6": "task6"
  },
  "mappingInfo": [
    {
      "coreID": 1,
      "tasks": [
        {
          "id": 1,
          "startTime": 0,
          "readTime": 0.0,
          "bodyTime": 10277.0,
          "writeTime": 0.0,
          "nice": 7,
          "period": 500000,
          "index": 0
        },
        {
          "id": 2,
          "startTime": 0,
          "readTime": 0.0,
          "bodyTime": 26082.0,
          "writeTime": 0.0,
          "nice": 13,
          "period": 500000,
          "index": 1
        },
        {
          "id": 3,
          "startTime": 0,
          "readTime": 0.0,
          "bodyTime": 1868.0,
          "writeTime": 0.0,
          "nice": 8,
          "period": 20000,
          "index": 2
        },
        {
          "id": 4,
          "startTime": 0,
          "readTime": 0.0,
          "bodyTime": 33537.0,
          "writeTime": 0.0,
          "nice": 19,
          "period": 200000,
          "index": 3
        },
        {
          "id": 5,
          "startTime": 0,
          "readTime": 0.0,
          "bodyTime": 179501.0,
          "writeTime": 0.0,
          "nice": 12,
          "period": 700000,
          "index": 4
        },
        {
          "id": 6,
          "startTime": 0,
          "readTime": 0.0,
          "bodyTime": 83924.0,
          "writeTime": 0.0,
          "nice": 15,
          "period": 400000,
          "index": 5
        }
      ]
    }
  ]
}