{
  "idNameMap": {
    "1": "task1",
    "2": "task2",
    "3": "task3",
    "4": "task4",
    "5": "task5",
    "6": "task6"
  },
  "mappingInfo": [
    {
      "coreID": 1,
      "tasks": [
        {
          "id": 1,
          "startTime": 0,
          "readTime": 0.0,
          "bodyTime": 8718.0,
          "writeTime": 0.0,
          "nice": 11,
          "period": 200000,
          "index": 0
        },
        {
          "id": 2,
          "startTime": 0,
          "readTime": 0.0,
          "bodyTime": 11475.0,
          "writeTime": 0.0,
          "nice": 4,
          "period": 50000,
          "index": 1
        },
        {
          "id": 3,
          "startTime": 0,
          "readTime": 0.0,
          "bodyTime": 1486.0,
          "writeTime": 0.0,
          "nice": 9,
          "period": 800000,
          "index": 2
        },
        {
          "id": 4,
          "startTime": 0,
          "readTime": 0.0,
          "bodyTime": 68244.0,
          "writeTime": 0.0,
          "nice": 14,
          "period": 500000,
          "index": 3
        },
        {
          "id": 5,
          "startTime": 0,
          "readTime": 0.0,
          "bodyTime": 166672.0,
          "writeTime": 0.0,
          "nice": 13,
          "period": 900000,
          "index": 4
        },
        {
          "id": 6,
          "startTime": 0,
          "readTime": 0.0,
          "bodyTime": 81354.0,
          "writeTime": 0.0,
          "nice": 15,
          "period": 400000,
          "index": 5
        }
      ]
    }
  ]
}