{
  "idNameMap": {
    "1": "task1",
    "2": "task2",
    "3": "task3",
    "4": "task4",
    "5": "task5",
    "6": "task6"
  },
  "mappingInfo": [
    {
      "coreID": 1,
      "tasks": [
        {
          "id": 1,
          "startTime": 0,
          "readTime": 0.0,
          "bodyTime": 24426.0,
          "writeTime": 0.0,
          "nice": 1,
          "period": 500000,
          "index": 0
        },
        {
          "id": 2,
          "startTime": 0,
          "readTime": 0.0,
          "bodyTime": 41846.0,
          "writeTime": 0.0,
          "nice": 9,
          "period": 900000,
          "index": 1
        },
        {
          "id": 3,
          "startTime": 0,
          "readTime": 0.0,
          "bodyTime": 6197.0,
          "writeTime": 0.0,
          "nice": 14,
          "period": 40000,
          "index": 2
        },
        {
          "id": 4,
          "startTime": 0,
          "readTime": 0.0,
          "bodyTime": 117522.0,
          "writeTime": 0.0,
          "nice": 14,
          "period": 700000,
          "index": 3
        },
        {
          "id": 5,
          "startTime": 0,
          "readTime": 0.0,
          "bodyTime": 46029.0,
          "writeTime": 0.0,
          "nice": 6,
          "period": 500000,
          "index": 4
        },
        {
          "id": 6,
          "startTime": 0,
          "readTime": 0.0,
          "bodyTime": 115915.0,
          "writeTime": 0.0,
          "nice": 17,
          "period": 400000,
          "index": 5
        }
      ]
    }
  ]
}