{
  "idNameMap": {
    "1": "task1",
    "2": "task2",
    "3": "task3",
    "4": "task4",
    "5": "task5",
    "6": "task6"
  },
  "mappingInfo": [
    {
      "coreID": 1,
      "tasks": [
        {
          "id": 1,
          "startTime": 0,
          "readTime": 0.0,
          "bodyTime": 177817.0,
          "writeTime": 0.0,
          "nice": 5,
          "period": 900000,
          "index": 0
        },
        {
          "id": 2,
          "startTime": 0,
          "readTime": 0.0,
          "bodyTime": 93972.0,
          "writeTime": 0.0,
          "nice": 14,
          "period": 800000,
          "index": 1
        },
        {
          "id": 3,
          "startTime": 0,
          "readTime": 0.0,
          "bodyTime": 90590.0,
          "writeTime": 0.0,
          "nice": 12,
          "period": 600000,
          "index": 2
        },
        {
          "id": 4,
          "startTime": 0,
          "readTime": 0.0,
          "bodyTime": 10312.0,
          "writeTime": 0.0,
          "nice": 12,
          "period": 40000,
          "index": 3
        },
        {
          "id": 5,
          "startTime": 0,
          "readTime": 0.0,
          "bodyTime": 600.0,
          "writeTime": 0.0,
          "nice": 1,
          "period": 600000,
          "index": 4
        },
        {
          "id": 6,
          "startTime": 0,
          "readTime": 0.0,
          "bodyTime": 67677.0,
          "writeTime": 0.0,
          "nice": 5,
          "period": 900000,
          "index": 5
        }
      ]
    }
  ]
}