{
  "idNameMap": {
    "1": "task1",
    "2": "task2",
    "3": "task3",
    "4": "task4",
    "5": "task5",
    "6": "task6"
  },
  "mappingInfo": [
    {
      "coreID": 1,
      "tasks": [
        {
          "id": 1,
          "startTime": 0,
          "readTime": 0.0,
          "bodyTime": 927.0,
          "writeTime": 0.0,
          "nice": 3,
          "period": 50000,
          "index": 0
        },
        {
          "id": 2,
          "startTime": 0,
          "readTime": 0.0,
          "bodyTime": 247643.0,
          "writeTime": 0.0,
          "nice": 2,
          "period": 1000000,
          "index": 1
        },
        {
          "id": 3,
          "startTime": 0,
          "readTime": 0.0,
          "bodyTime": 35456.0,
          "writeTime": 0.0,
          "nice": 17,
          "period": 200000,
          "index": 2
        },
        {
          "id": 4,
          "startTime": 0,
          "readTime": 0.0,
          "bodyTime": 42641.0,
          "writeTime": 0.0,
          "nice": 9,
          "period": 200000,
          "index": 3
        },
        {
          "id": 5,
          "startTime": 0,
          "readTime": 0.0,
          "bodyTime": 3970.0,
          "writeTime": 0.0,
          "nice": 17,
          "period": 30000,
          "index": 4
        },
        {
          "id": 6,
          "startTime": 0,
          "readTime": 0.0,
          "bodyTime": 4417.0,
          "writeTime": 0.0,
          "nice": 6,
          "period": 400000,
          "index": 5
        }
      ]
    }
  ]
}