{
  "idNameMap": {
    "1": "task1",
    "2": "task2",
    "3": "task3",
    "4": "task4",
    "5": "task5",
    "6": "task6"
  },
  "mappingInfo": [
    {
      "coreID": 1,
      "tasks": [
        {
          "id": 1,
          "startTime": 0,
          "readTime": 0.0,
          "bodyTime": 189865.0,
          "writeTime": 0.0,
          "nice": 9,
          "period": 800000,
          "index": 0
        },
        {
          "id": 2,
          "startTime": 0,
          "readTime": 0.0,
          "bodyTime": 52136.0,
          "writeTime": 0.0,
          "nice": 6,
          "period": 800000,
          "index": 1
        },
        {
          "id": 3,
          "startTime": 0,
          "readTime": 0.0,
          "bodyTime": 132817.0,
          "writeTime": 0.0,
          "nice": 10,
          "period": 700000,
          "index": 2
        },
        {
          "id": 4,
          "startTime": 0,
          "readTime": 0.0,
          "bodyTime": 25692.0,
          "writeTime": 0.0,
          "nice": 16,
          "period": 100000,
          "index": 3
        },
        {
          "id": 5,
          "startTime": 0,
          "readTime": 0.0,
          "bodyTime": 300.0,
          "writeTime": 0.0,
          "nice": 8,
          "period": 300000,
          "index": 4
        },
        {
          "id": 6,
          "startTime": 0,
          "readTime": 0.0,
          "bodyTime": 997.0,
          "writeTime": 0.0,
          "nice": 17,
          "period": 20000,
          "index": 5
        }
      ]
    }
  ]
}