{
  "idNameMap": {
    "1": "task1",
    "2": "task2",
    "3": "task3",
    "4": "task4",
    "5": "task5",
    "6": "task6"
  },
  "mappingInfo": [
    {
      "coreID": 1,
      "tasks": [
        {
          "id": 1,
          "startTime": 0,
          "readTime": 0.0,
          "bodyTime": 20806.0,
          "writeTime": 0.0,
          "nice": 5,
          "period": 800000,
          "index": 0
        },
        {
          "id": 2,
          "startTime": 0,
          "readTime": 0.0,
          "bodyTime": 52399.0,
          "writeTime": 0.0,
          "nice": 12,
          "period": 300000,
          "index": 1
        },
        {
          "id": 3,
          "startTime": 0,
          "readTime": 0.0,
          "bodyTime": 28715.0,
          "writeTime": 0.0,
          "nice": 1,
          "period": 200000,
          "index": 2
        },
        {
          "id": 4,
          "startTime": 0,
          "readTime": 0.0,
          "bodyTime": 8045.0,
          "writeTime": 0.0,
          "nice": 9,
          "period": 90000,
          "index": 3
        },
        {
          "id": 5,
          "startTime": 0,
          "readTime": 0.0,
          "bodyTime": 197323.0,
          "writeTime": 0.0,
          "nice": 1,
          "period": 900000,
          "index": 4
        },
        {
          "id": 6,
          "startTime": 0,
          "readTime": 0.0,
          "bodyTime": 11771.0,
          "writeTime": 0.0,
          "nice": 15,
          "period": 80000,
          "index": 5
        }
      ]
    }
  ]
}