{
  "idNameMap": {
    "1": "task1",
    "2": "task2",
    "3": "task3",
    "4": "task4",
    "5": "task5",
    "6": "task6"
  },
  "mappingInfo": [
    {
      "coreID": 1,
      "tasks": [
        {
          "id": 1,
          "startTime": 0,
          "readTime": 0.0,
          "bodyTime": 123798.0,
          "writeTime": 0.0,
          "nice": 14,
          "period": 800000,
          "index": 0
        },
        {
          "id": 2,
          "startTime": 0,
          "readTime": 0.0,
          "bodyTime": 61378.0,
          "writeTime": 0.0,
          "nice": 15,
          "period": 500000,
          "index": 1
        },
        {
          "id": 3,
          "startTime": 0,
          "readTime": 0.0,
          "bodyTime": 30367.0,
          "writeTime": 0.0,
          "nice": 18,
          "period": 700000,
          "index": 2
        },
        {
          "id": 4,
          "startTime": 0,
          "readTime": 0.0,
          "bodyTime": 3942.0,
          "writeTime": 0.0,
          "nice": 11,
          "period": 500000,
          "index": 3
        },
        {
          "id": 5,
          "startTime": 0,
          "readTime": 0.0,
          "bodyTime": 68533.0,
          "writeTime": 0.0,
          "nice": 6,
          "period": 700000,
          "index": 4
        },
        {
          "id": 6,
          "startTime": 0,
          "readTime": 0.0,
          "bodyTime": 186666.0,
          "writeTime": 0.0,
          "nice": 4,
          "period": 500000,
          "index": 5
        }
      ]
    }
  ]
}