{
  "idNameMap": {
    "1": "task1",
    "2": "task2",
    "3": "task3",
    "4": "task4",
    "5": "task5",
    "6": "task6"
  },
  "mappingInfo": [
    {
      "coreID": 1,
      "tasks": [
        {
          "id": 1,
          "startTime": 0,
          "readTime": 0.0,
          "bodyTime": 23624.0,
          "writeTime": 0.0,
          "nice": 7,
          "period": 200000,
          "index": 0
        },
        {
          "id": 2,
          "startTime": 0,
          "readTime": 0.0,
          "bodyTime": 16639.0,
          "writeTime": 0.0,
          "nice": 5,
          "period": 200000,
          "index": 1
        },
        {
          "id": 3,
          "startTime": 0,
          "readTime": 0.0,
          "bodyTime": 11938.0,
          "writeTime": 0.0,
          "nice": 12,
          "period": 90000,
          "index": 2
        },
        {
          "id": 4,
          "startTime": 0,
          "readTime": 0.0,
          "bodyTime": 33020.0,
          "writeTime": 0.0,
          "nice": 13,
          "period": 300000,
          "index": 3
        },
        {
          "id": 5,
          "startTime": 0,
          "readTime": 0.0,
          "bodyTime": 82954.0,
          "writeTime": 0.0,
          "nice": 18,
          "period": 500000,
          "index": 4
        },
        {
          "id": 6,
          "startTime": 0,
          "readTime": 0.0,
          "bodyTime": 17108.0,
          "writeTime": 0.0,
          "nice": 12,
          "period": 90000,
          "index": 5
        }
      ]
    }
  ]
}