{
  "idNameMap": {
    "1": "task1",
    "2": "task2",
    "3": "task3",
    "4": "task4",
    "5": "task5",
    "6": "task6"
  },
  "mappingInfo": [
    {
      "coreID": 1,
      "tasks": [
        {
          "id": 1,
          "startTime": 0,
          "readTime": 0.0,
          "bodyTime": 168722.0,
          "writeTime": 0.0,
          "nice": 8,
          "period": 800000,
          "index": 0
        },
        {
          "id": 2,
          "startTime": 0,
          "readTime": 0.0,
          "bodyTime": 3767.0,
          "writeTime": 0.0,
          "nice": 8,
          "period": 40000,
          "index": 1
        },
        {
          "id": 3,
          "startTime": 0,
          "readTime": 0.0,
          "bodyTime": 71272.0,
          "writeTime": 0.0,
          "nice": 0,
          "period": 800000,
          "index": 2
        },
        {
          "id": 4,
          "startTime": 0,
          "readTime": 0.0,
          "bodyTime": 1816.0,
          "writeTime": 0.0,
          "nice": 14,
          "period": 90000,
          "index": 3
        },
        {
          "id": 5,
          "startTime": 0,
          "readTime": 0.0,
          "bodyTime": 37836.0,
          "writeTime": 0.0,
          "nice": 4,
          "period": 900000,
          "index": 4
        },
        {
          "id": 6,
          "startTime": 0,
          "readTime": 0.0,
          "bodyTime": 274912.0,
          "writeTime": 0.0,
          "nice": 17,
          "period": 800000,
          "index": 5
        }
      ]
    }
  ]
}