{
  "idNameMap": {
    "1": "task1",
    "2": "task2",
    "3": "task3",
    "4": "task4",
    "5": "task5",
    "6": "task6"
  },
  "mappingInfo": [
    {
      "coreID": 1,
      "tasks": [
        {
          "id": 1,
          "startTime": 0,
          "readTime": 0.0,
          "bodyTime": 1492.0,
          "writeTime": 0.0,
          "nice": 0,
          "period": 20000,
          "index": 0
        },
        {
          "id": 2,
          "startTime": 0,
          "readTime": 0.0,
          "bodyTime": 12727.0,
          "writeTime": 0.0,
          "nice": 2,
          "period": 50000,
          "index": 1
        },
        {
          "id": 3,
          "startTime": 0,
          "readTime": 0.0,
          "bodyTime": 6642.0,
          "writeTime": 0.0,
          "nice": 9,
          "period": 1000000,
          "index": 2
        },
        {
          "id": 4,
          "startTime": 0,
          "readTime": 0.0,
          "bodyTime": 163989.0,
          "writeTime": 0.0,
          "nice": 16,
          "period": 900000,
          "index": 3
        },
        {
          "id": 5,
          "startTime": 0,
          "readTime": 0.0,
          "bodyTime": 15770.0,
          "writeTime": 0.0,
          "nice": 17,
          "period": 200000,
          "index": 4
        },
        {
          "id": 6,
          "startTime": 0,
          "readTime": 0.0,
          "bodyTime": 81281.0,
          "writeTime": 0.0,
          "nice": 13,
          "period": 400000,
          "index": 5
        }
      ]
    }
  ]
}