{
  "idNameMap": {
    "1": "task1",
    "2": "task2",
    "3": "task3",
    "4": "task4",
    "5": "task5",
    "6": "task6"
  },
  "mappingInfo": [
    {
      "coreID": 1,
      "tasks": [
        {
          "id": 1,
          "startTime": 0,
          "readTime": 0.0,
          "bodyTime": 3573.0,
          "writeTime": 0.0,
          "nice": 9,
          "period": 80000,
          "index": 0
        },
        {
          "id": 2,
          "startTime": 0,
          "readTime": 0.0,
          "bodyTime": 25890.0,
          "writeTime": 0.0,
          "nice": 17,
          "period": 1000000,
          "index": 1
        },
        {
          "id": 3,
          "startTime": 0,
          "readTime": 0.0,
          "bodyTime": 36718.0,
          "writeTime": 0.0,
          "nice": 18,
          "period": 700000,
          "index": 2
        },
        {
          "id": 4,
          "startTime": 0,
          "readTime": 0.0,
          "bodyTime": 37141.0,
          "writeTime": 0.0,
          "nice": 11,
          "period": 300000,
          "index": 3
        },
        {
          "id": 5,
          "startTime": 0,
          "readTime": 0.0,
          "bodyTime": 2442.0,
          "writeTime": 0.0,
          "nice": 13,
          "period": 40000,
          "index": 4
        },
        {
          "id": 6,
          "startTime": 0,
          "readTime": 0.0,
          "bodyTime": 295298.0,
          "writeTime": 0.0,
          "nice": 11,
          "period": 600000,
          "index": 5
        }
      ]
    }
  ]
}