{
  "idNameMap": {
    "1": "task1",
    "2": "task2",
    "3": "task3",
    "4": "task4",
    "5": "task5",
    "6": "task6"
  },
  "mappingInfo": [
    {
      "coreID": 1,
      "tasks": [
        {
          "id": 1,
          "startTime": 0,
          "readTime": 0.0,
          "bodyTime": 73971.0,
          "writeTime": 0.0,
          "nice": 11,
          "period": 300000,
          "index": 0
        },
        {
          "id": 2,
          "startTime": 0,
          "readTime": 0.0,
          "bodyTime": 13637.0,
          "writeTime": 0.0,
          "nice": 0,
          "period": 400000,
          "index": 1
        },
        {
          "id": 3,
          "startTime": 0,
          "readTime": 0.0,
          "bodyTime": 28915.0,
          "writeTime": 0.0,
          "nice": 15,
          "period": 200000,
          "index": 2
        },
        {
          "id": 4,
          "startTime": 0,
          "readTime": 0.0,
          "bodyTime": 239519.0,
          "writeTime": 0.0,
          "nice": 12,
          "period": 1000000,
          "index": 3
        },
        {
          "id": 5,
          "startTime": 0,
          "readTime": 0.0,
          "bodyTime": 80.0,
          "writeTime": 0.0,
          "nice": 15,
          "period": 80000,
          "index": 4
        },
        {
          "id": 6,
          "startTime": 0,
          "readTime": 0.0,
          "bodyTime": 9398.0,
          "writeTime": 0.0,
          "nice": 8,
          "period": 70000,
          "index": 5
        }
      ]
    }
  ]
}