{
  "idNameMap": {
    "1": "task1",
    "2": "task2",
    "3": "task3",
    "4": "task4",
    "5": "task5",
    "6": "task6"
  },
  "mappingInfo": [
    {
      "coreID": 1,
      "tasks": [
        {
          "id": 1,
          "startTime": 0,
          "readTime": 0.0,
          "bodyTime": 40825.0,
          "writeTime": 0.0,
          "nice": 5,
          "period": 800000,
          "index": 0
        },
        {
          "id": 2,
          "startTime": 0,
          "readTime": 0.0,
          "bodyTime": 185452.0,
          "writeTime": 0.0,
          "nice": 10,
          "period": 1000000,
          "index": 1
        },
        {
          "id": 3,
          "startTime": 0,
          "readTime": 0.0,
          "bodyTime": 10219.0,
          "writeTime": 0.0,
          "nice": 19,
          "period": 400000,
          "index": 2
        },
        {
          "id": 4,
          "startTime": 0,
          "readTime": 0.0,
          "bodyTime": 220223.0,
          "writeTime": 0.0,
          "nice": 11,
          "period": 1000000,
          "index": 3
        },
        {
          "id": 5,
          "startTime": 0,
          "readTime": 0.0,
          "bodyTime": 147371.0,
          "writeTime": 0.0,
          "nice": 16,
          "period": 800000,
          "index": 4
        },
        {
          "id": 6,
          "startTime": 0,
          "readTime": 0.0,
          "bodyTime": 12019.0,
          "writeTime": 0.0,
          "nice": 6,
          "period": 90000,
          "index": 5
        }
      ]
    }
  ]
}