{
  "idNameMap": {
    "1": "task1",
    "2": "task2",
    "3": "task3",
    "4": "task4",
    "5": "task5",
    "6": "task6"
  },
  "mappingInfo": [
    {
      "coreID": 1,
      "tasks": [
        {
          "id": 1,
          "startTime": 0,
          "readTime": 0.0,
          "bodyTime": 30714.0,
          "writeTime": 0.0,
          "nice": 11,
          "period": 300000,
          "index": 0
        },
        {
          "id": 2,
          "startTime": 0,
          "readTime": 0.0,
          "bodyTime": 23563.0,
          "writeTime": 0.0,
          "nice": 17,
          "period": 1000000,
          "index": 1
        },
        {
          "id": 3,
          "startTime": 0,
          "readTime": 0.0,
          "bodyTime": 145776.0,
          "writeTime": 0.0,
          "nice": 8,
          "period": 1000000,
          "index": 2
        },
        {
          "id": 4,
          "startTime": 0,
          "readTime": 0.0,
          "bodyTime": 127188.0,
          "writeTime": 0.0,
          "nice": 10,
          "period": 500000,
          "index": 3
        },
        {
          "id": 5,
          "startTime": 0,
          "readTime": 0.0,
          "bodyTime": 12886.0,
          "writeTime": 0.0,
          "nice": 1,
          "period": 800000,
          "index": 4
        },
        {
          "id": 6,
          "startTime": 0,
          "readTime": 0.0,
          "bodyTime": 232022.0,
          "writeTime": 0.0,
          "nice": 12,
          "period": 900000,
          "index": 5
        }
      ]
    }
  ]
}