{
  "idNameMap": {
    "1": "task1",
    "2": "task2",
    "3": "task3",
    "4": "task4",
    "5": "task5",
    "6": "task6"
  },
  "mappingInfo": [
    {
      "coreID": 1,
      "tasks": [
        {
          "id": 1,
          "startTime": 0,
          "readTime": 0.0,
          "bodyTime": 62415.0,
          "writeTime": 0.0,
          "nice": 8,
          "period": 600000,
          "index": 0
        },
        {
          "id": 2,
          "startTime": 0,
          "readTime": 0.0,
          "bodyTime": 14747.0,
          "writeTime": 0.0,
          "nice": 7,
          "period": 90000,
          "index": 1
        },
        {
          "id": 3,
          "startTime": 0,
          "readTime": 0.0,
          "bodyTime": 64627.0,
          "writeTime": 0.0,
          "nice": 3,
          "period": 300000,
          "index": 2
        },
        {
          "id": 4,
          "startTime": 0,
          "readTime": 0.0,
          "bodyTime": 3797.0,
          "writeTime": 0.0,
          "nice": 18,
          "period": 20000,
          "index": 3
        },
        {
          "id": 5,
          "startTime": 0,
          "readTime": 0.0,
          "bodyTime": 18687.0,
          "writeTime": 0.0,
          "nice": 1,
          "period": 500000,
          "index": 4
        },
        {
          "id": 6,
          "startTime": 0,
          "readTime": 0.0,
          "bodyTime": 80556.0,
          "writeTime": 0.0,
          "nice": 15,
          "period": 900000,
          "index": 5
        }
      ]
    }
  ]
}