{
  "idNameMap": {
    "1": "task1",
    "2": "task2",
    "3": "task3"
  },
  "mappingInfo": [
    {
      "coreID": 1,
      "tasks": [
        {
          "id": 1,
          "startTime": 0,
          "readTime": 0.0,
          "bodyTime": 1832.0,
          "writeTime": 0.0,
          "nice": 12,
          "period": 30000,
          "index": 0
        },
        {
          "id": 2,
          "startTime": 0,
          "readTime": 0.0,
          "bodyTime": 249924.0,
          "writeTime": 0.0,
          "nice": 1,
          "period": 700000,
          "index": 1
        },
        {
          "id": 3,
          "startTime": 0,
          "readTime": 0.0,
          "bodyTime": 152766.0,
          "writeTime": 0.0,
          "nice": 5,
          "period": 400000,
          "index": 2
        }
      ]
    }
  ]
}