{
  "idNameMap": {
    "1": "task1",
    "2": "task2",
    "3": "task3"
  },
  "mappingInfo": [
    {
      "coreID": 1,
      "tasks": [
        {
          "id": 1,
          "startTime": 0,
          "readTime": 0.0,
          "bodyTime": 231509.0,
          "writeTime": 0.0,
          "nice": 1,
          "period": 700000,
          "index": 0
        },
        {
          "id": 2,
          "startTime": 0,
          "readTime": 0.0,
          "bodyTime": 374286.0,
          "writeTime": 0.0,
          "nice": 15,
          "period": 1000000,
          "index": 1
        },
        {
          "id": 3,
          "startTime": 0,
          "readTime": 0.0,
          "bodyTime": 85489.0,
          "writeTime": 0.0,
          "nice": 6,
          "period": 900000,
          "index": 2
        }
      ]
    }
  ]
}