{
  "idNameMap": {
    "1": "task1",
    "2": "task2",
    "3": "task3"
  },
  "mappingInfo": [
    {
      "coreID": 1,
      "tasks": [
        {
          "id": 1,
          "startTime": 0,
          "readTime": 0.0,
          "bodyTime": 324500.0,
          "writeTime": 0.0,
          "nice": 4,
          "period": 900000,
          "index": 0
        },
        {
          "id": 2,
          "startTime": 0,
          "readTime": 0.0,
          "bodyTime": 73510.0,
          "writeTime": 0.0,
          "nice": 14,
          "period": 400000,
          "index": 1
        },
        {
          "id": 3,
          "startTime": 0,
          "readTime": 0.0,
          "bodyTime": 127836.0,
          "writeTime": 0.0,
          "nice": 12,
          "period": 500000,
          "index": 2
        }
      ]
    }
  ]
}