{
  "idNameMap": {
    "1": "task1",
    "2": "task2",
    "3": "task3"
  },
  "mappingInfo": [
    {
      "coreID": 1,
      "tasks": [
        {
          "id": 1,
          "startTime": 0,
          "readTime": 0.0,
          "bodyTime": 15368.0,
          "writeTime": 0.0,
          "nice": 6,
          "period": 200000,
          "index": 0
        },
        {
          "id": 2,
          "startTime": 0,
          "readTime": 0.0,
          "bodyTime": 146437.0,
          "writeTime": 0.0,
          "nice": 15,
          "period": 700000,
          "index": 1
        },
        {
          "id": 3,
          "startTime": 0,
          "readTime": 0.0,
          "bodyTime": 15419.0,
          "writeTime": 0.0,
          "nice": 16,
          "period": 30000,
          "index": 2
        }
      ]
    }
  ]
}