{
  "idNameMap": {
    "1": "task1",
    "2": "task2",
    "3": "task3"
  },
  "mappingInfo": [
    {
      "coreID": 1,
      "tasks": [
        {
          "id": 1,
          "startTime": 0,
          "readTime": 0.0,
          "bodyTime": 55190.0,
          "writeTime": 0.0,
          "nice": 9,
          "period": 900000,
          "index": 0
        },
        {
          "id": 2,
          "startTime": 0,
          "readTime": 0.0,
          "bodyTime": 79731.0,
          "writeTime": 0.0,
          "nice": 1,
          "period": 200000,
          "index": 1
        },
        {
          "id": 3,
          "startTime": 0,
          "readTime": 0.0,
          "bodyTime": 306024.0,
          "writeTime": 0.0,
          "nice": 13,
          "period": 900000,
          "index": 2
        }
      ]
    }
  ]
}