{
  "idNameMap": {
    "1": "task1",
    "2": "task2",
    "3": "task3"
  },
  "mappingInfo": [
    {
      "coreID": 1,
      "tasks": [
        {
          "id": 1,
          "startTime": 0,
          "readTime": 0.0,
          "bodyTime": 63932.0,
          "writeTime": 0.0,
          "nice": 3,
          "period": 200000,
          "index": 0
        },
        {
          "id": 2,
          "startTime": 0,
          "readTime": 0.0,
          "bodyTime": 156888.0,
          "writeTime": 0.0,
          "nice": 17,
          "period": 700000,
          "index": 1
        },
        {
          "id": 3,
          "startTime": 0,
          "readTime": 0.0,
          "bodyTime": 51244.0,
          "writeTime": 0.0,
          "nice": 13,
          "period": 200000,
          "index": 2
        }
      ]
    }
  ]
}