{
  "idNameMap": {
    "1": "task1",
    "2": "task2",
    "3": "task3"
  },
  "mappingInfo": [
    {
      "coreID": 1,
      "tasks": [
        {
          "id": 1,
          "startTime": 0,
          "readTime": 0.0,
          "bodyTime": 164243.0,
          "writeTime": 0.0,
          "nice": 7,
          "period": 800000,
          "index": 0
        },
        {
          "id": 2,
          "startTime": 0,
          "readTime": 0.0,
          "bodyTime": 304755.0,
          "writeTime": 0.0,
          "nice": 7,
          "period": 1000000,
          "index": 1
        },
        {
          "id": 3,
          "startTime": 0,
          "readTime": 0.0,
          "bodyTime": 86983.0,
          "writeTime": 0.0,
          "nice": 13,
          "period": 300000,
          "index": 2
        }
      ]
    }
  ]
}