{
  "idNameMap": {
    "1": "task1",
    "2": "task2",
    "3": "task3"
  },
  "mappingInfo": [
    {
      "coreID": 1,
      "tasks": [
        {
          "id": 1,
          "startTime": 0,
          "readTime": 0.0,
          "bodyTime": 102407.0,
          "writeTime": 0.0,
          "nice": 10,
          "period": 400000,
          "index": 0
        },
        {
          "id": 2,
          "startTime": 0,
          "readTime": 0.0,
          "bodyTime": 17693.0,
          "writeTime": 0.0,
          "nice": 12,
          "period": 70000,
          "index": 1
        },
        {
          "id": 3,
          "startTime": 0,
          "readTime": 0.0,
          "bodyTime": 232985.0,
          "writeTime": 0.0,
          "nice": 10,
          "period": 800000,
          "index": 2
        }
      ]
    }
  ]
}