{
  "idNameMap": {
    "1": "task1",
    "2": "task2",
    "3": "task3"
  },
  "mappingInfo": [
    {
      "coreID": 1,
      "tasks": [
        {
          "id": 1,
          "startTime": 0,
          "readTime": 0.0,
          "bodyTime": 158074.0,
          "writeTime": 0.0,
          "nice": 8,
          "period": 400000,
          "index": 0
        },
        {
          "id": 2,
          "startTime": 0,
          "readTime": 0.0,
          "bodyTime": 217863.0,
          "writeTime": 0.0,
          "nice": 4,
          "period": 800000,
          "index": 1
        },
        {
          "id": 3,
          "startTime": 0,
          "readTime": 0.0,
          "bodyTime": 5300.0,
          "writeTime": 0.0,
          "nice": 2,
          "period": 40000,
          "index": 2
        }
      ]
    }
  ]
}