{
  "idNameMap": {
    "1": "task1",
    "2": "task2",
    "3": "task3",
    "4": "task4",
    "5": "task5",
    "6": "task6"
  },
  "mappingInfo": [
    {
      "coreID": 1,
      "tasks": [
        {
          "id": 1,
          "startTime": 0,
          "readTime": 0.0,
          "bodyTime": 33632.0,
          "writeTime": 0.0,
          "nice": 17,
          "period": 900000,
          "index": 0
        },
        {
          "id": 2,
          "startTime": 0,
          "readTime": 0.0,
          "bodyTime": 1065.0,
          "writeTime": 0.0,
          "nice": 11,
          "period": 300000,
          "index": 1
        },
        {
          "id": 3,
          "startTime": 0,
          "readTime": 0.0,
          "bodyTime": 87978.0,
          "writeTime": 0.0,
          "nice": 17,
          "period": 700000,
          "index": 2
        },
        {
          "id": 4,
          "startTime": 0,
          "readTime": 0.0,
          "bodyTime": 4814.0,
          "writeTime": 0.0,
          "nice": 19,
          "period": 200000,
          "index": 3
        },
        {
          "id": 5,
          "startTime": 0,
          "readTime": 0.0,
          "bodyTime": 8243.0,
          "writeTime": 0.0,
          "nice": 5,
          "period": 90000,
          "index": 4
        },
        {
          "id": 6,
          "startTime": 0,
          "readTime": 0.0,
          "bodyTime": 105975.0,
          "writeTime": 0.0,
          "nice": 16,
          "period": 900000,
          "index": 5
        }
      ]
    }
  ]
}