{
  "idNameMap": {
    "1": "task1",
    "2": "task2",
    "3": "task3",
    "4": "task4",
    "5": "task5",
    "6": "task6"
  },
  "mappingInfo": [
    {
      "coreID": 1,
      "tasks": [
        {
          "id": 1,
          "startTime": 0,
          "readTime": 0.0,
          "bodyTime": 18786.0,
          "writeTime": 0.0,
          "nice": 2,
          "period": 400000,
          "index": 0
        },
        {
          "id": 2,
          "startTime": 0,
          "readTime": 0.0,
          "bodyTime": 123633.0,
          "writeTime": 0.0,
          "nice": 4,
          "period": 1000000,
          "index": 1
        },
        {
          "id": 3,
          "startTime": 0,
          "readTime": 0.0,
          "bodyTime": 21167.0,
          "writeTime": 0.0,
          "nice": 9,
          "period": 300000,
          "index": 2
        },
        {
          "id": 4,
          "startTime": 0,
          "readTime": 0.0,
          "bodyTime": 41993.0,
          "writeTime": 0.0,
          "nice": 6,
          "period": 700000,
          "index": 3
        },
        {
          "id": 5,
          "startTime": 0,
          "readTime": 0.0,
          "bodyTime": 600.0,
          "writeTime": 0.0,
          "nice": 2,
          "period": 600000,
          "index": 4
        },
        {
          "id": 6,
          "startTime": 0,
          "readTime": 0.0,
          "bodyTime": 2936.0,
          "writeTime": 0.0,
          "nice": 12,
          "period": 30000,
          "index": 5
        }
      ]
    }
  ]
}