{
  "idNameMap": {
    "1": "task1",
    "2": "task2",
    "3": "task3",
    "4": "task4",
    "5": "task5",
    "6": "task6"
  },
  "mappingInfo": [
    {
      "coreID": 1,
      "tasks": [
        {
          "id": 1,
          "startTime": 0,
          "readTime": 0.0,
          "bodyTime": 3329.0,
          "writeTime": 0.0,
          "nice": 12,
          "period": 400000,
          "index": 0
        },
        {
          "id": 2,
          "startTime": 0,
          "readTime": 0.0,
          "bodyTime": 108475.0,
          "writeTime": 0.0,
          "nice": 6,
          "period": 900000,
          "index": 1
        },
        {
          "id": 3,
          "startTime": 0,
          "readTime": 0.0,
          "bodyTime": 66249.0,
          "writeTime": 0.0,
          "nice": 7,
          "period": 600000,
          "index": 2
        },
        {
          "id": 4,
          "startTime": 0,
          "readTime": 0.0,
          "bodyTime": 5759.0,
          "writeTime": 0.0,
          "nice": 11,
          "period": 600000,
          "index": 3
        },
        {
          "id": 5,
          "startTime": 0,
          "readTime": 0.0,
          "bodyTime": 36754.0,
          "writeTime": 0.0,
          "nice": 5,
          "period": 400000,
          "index": 4
        },
        {
          "id": 6,
          "startTime": 0,
          "readTime": 0.0,
          "bodyTime": 35555.0,
          "writeTime": 0.0,
          "nice": 6,
          "period": 600000,
          "index": 5
        }
      ]
    }
  ]
}