{
  "idNameMap": {
    "1": "task1",
    "2": "task2",
    "3": "task3",
    "4": "task4",
    "5": "task5",
    "6": "task6"
  },
  "mappingInfo": [
    {
      "coreID": 1,
      "tasks": [
        {
          "id": 1,
          "startTime": 0,
          "readTime": 0.0,
          "bodyTime": 6254.0,
          "writeTime": 0.0,
          "nice": 8,
          "period": 700000,
          "index": 0
        },
        {
          "id": 2,
          "startTime": 0,
          "readTime": 0.0,
          "bodyTime": 1982.0,
          "writeTime": 0.0,
          "nice": 6,
          "period": 100000,
          "index": 1
        },
        {
          "id": 3,
          "startTime": 0,
          "readTime": 0.0,
          "bodyTime": 30194.0,
          "writeTime": 0.0,
          "nice": 7,
          "period": 400000,
          "index": 2
        },
        {
          "id": 4,
          "startTime": 0,
          "readTime": 0.0,
          "bodyTime": 34347.0,
          "writeTime": 0.0,
          "nice": 8,
          "period": 600000,
          "index": 3
        },
        {
          "id": 5,
          "startTime": 0,
          "readTime": 0.0,
          "bodyTime": 27663.0,
          "writeTime": 0.0,
          "nice": 6,
          "period": 1000000,
          "index": 4
        },
        {
          "id": 6,
          "startTime": 0,
          "readTime": 0.0,
          "bodyTime": 210864.0,
          "writeTime": 0.0,
          "nice": 0,
          "period": 1000000,
          "index": 5
        }
      ]
    }
  ]
}