{
  "idNameMap": {
    "1": "task1",
    "2": "task2",
    "3": "task3",
    "4": "task4",
    "5": "task5",
    "6": "task6"
  },
  "mappingInfo": [
    {
      "coreID": 1,
      "tasks": [
        {
          "id": 1,
          "startTime": 0,
          "readTime": 0.0,
          "bodyTime": 15157.0,
          "writeTime": 0.0,
          "nice": 1,
          "period": 600000,
          "index": 0
        },
        {
          "id": 2,
          "startTime": 0,
          "readTime": 0.0,
          "bodyTime": 32716.0,
          "writeTime": 0.0,
          "nice": 17,
          "period": 1000000,
          "index": 1
        },
        {
          "id": 3,
          "startTime": 0,
          "readTime": 0.0,
          "bodyTime": 3032.0,
          "writeTime": 0.0,
          "nice": 4,
          "period": 50000,
          "index": 2
        },
        {
          "id": 4,
          "startTime": 0,
          "readTime": 0.0,
          "bodyTime": 11446.0,
          "writeTime": 0.0,
          "nice": 18,
          "period": 400000,
          "index": 3
        },
        {
          "id": 5,
          "startTime": 0,
          "readTime": 0.0,
          "bodyTime": 39256.0,
          "writeTime": 0.0,
          "nice": 7,
          "period": 700000,
          "index": 4
        },
        {
          "id": 6,
          "startTime": 0,
          "readTime": 0.0,
          "bodyTime": 118027.0,
          "writeTime": 0.0,
          "nice": 3,
          "period": 600000,
          "index": 5
        }
      ]
    }
  ]
}