{
  "idNameMap": {
    "1": "task1",
    "2": "task2",
    "3": "task3",
    "4": "task4",
    "5": "task5",
    "6": "task6"
  },
  "mappingInfo": [
    {
      "coreID": 1,
      "tasks": [
        {
          "id": 1,
          "startTime": 0,
          "readTime": 0.0,
          "bodyTime": 12439.0,
          "writeTime": 0.0,
          "nice": 1,
          "period": 600000,
          "index": 0
        },
        {
          "id": 2,
          "startTime": 0,
          "readTime": 0.0,
          "bodyTime": 2668.0,
          "writeTime": 0.0,
          "nice": 19,
          "period": 30000,
          "index": 1
        },
        {
          "id": 3,
          "startTime": 0,
          "readTime": 0.0,
          "bodyTime": 68929.0,
          "writeTime": 0.0,
          "nice": 14,
          "period": 900000,
          "index": 2
        },
        {
          "id": 4,
          "startTime": 0,
          "readTime": 0.0,
          "bodyTime": 33812.0,
          "writeTime": 0.0,
          "nice": 2,
          "period": 500000,
          "index": 3
        },
        {
          "id": 5,
          "startTime": 0,
          "readTime": 0.0,
          "bodyTime": 60542.0,
          "writeTime": 0.0,
          "nice": 11,
          "period": 700000,
          "index": 4
        },
        {
          "id": 6,
          "startTime": 0,
          "readTime": 0.0,
          "bodyTime": 53693.0,
          "writeTime": 0.0,
          "nice": 3,
          "period": 900000,
          "index": 5
        }
      ]
    }
  ]
}