{
  "idNameMap": {
    "1": "task1",
    "2": "task2",
    "3": "task3",
    "4": "task4",
    "5": "task5",
    "6": "task6"
  },
  "mappingInfo": [
    {
      "coreID": 1,
      "tasks": [
        {
          "id": 1,
          "startTime": 0,
          "readTime": 0.0,
          "bodyTime": 35864.0,
          "writeTime": 0.0,
          "nice": 4,
          "period": 400000,
          "index": 0
        },
        {
          "id": 2,
          "startTime": 0,
          "readTime": 0.0,
          "bodyTime": 1057.0,
          "writeTime": 0.0,
          "nice": 10,
          "period": 10000,
          "index": 1
        },
        {
          "id": 3,
          "startTime": 0,
          "readTime": 0.0,
          "bodyTime": 39598.0,
          "writeTime": 0.0,
          "nice": 9,
          "period": 800000,
          "index": 2
        },
        {
          "id": 4,
          "startTime": 0,
          "readTime": 0.0,
          "bodyTime": 57060.0,
          "writeTime": 0.0,
          "nice": 12,
          "period": 700000,
          "index": 3
        },
        {
          "id": 5,
          "startTime": 0,
          "readTime": 0.0,
          "bodyTime": 500.0,
          "writeTime": 0.0,
          "nice": 11,
          "period": 500000,
          "index": 4
        },
        {
          "id": 6,
          "startTime": 0,
          "readTime": 0.0,
          "bodyTime": 14543.0,
          "writeTime": 0.0,
          "nice": 10,
          "period": 200000,
          "index": 5
        }
      ]
    }
  ]
}