{
  "idNameMap": {
    "1": "task1",
    "2": "task2",
    "3": "task3",
    "4": "task4",
    "5": "task5",
    "6": "task6"
  },
  "mappingInfo": [
    {
      "coreID": 1,
      "tasks": [
        {
          "id": 1,
          "startTime": 0,
          "readTime": 0.0,
          "bodyTime": 91195.0,
          "writeTime": 0.0,
          "nice": 3,
          "period": 900000,
          "index": 0
        },
        {
          "id": 2,
          "startTime": 0,
          "readTime": 0.0,
          "bodyTime": 38571.0,
          "writeTime": 0.0,
          "nice": 13,
          "period": 400000,
          "index": 1
        },
        {
          "id": 3,
          "startTime": 0,
          "readTime": 0.0,
          "bodyTime": 2348.0,
          "writeTime": 0.0,
          "nice": 13,
          "period": 70000,
          "index": 2
        },
        {
          "id": 4,
          "startTime": 0,
          "readTime": 0.0,
          "bodyTime": 2878.0,
          "writeTime": 0.0,
          "nice": 14,
          "period": 200000,
          "index": 3
        },
        {
          "id": 5,
          "startTime": 0,
          "readTime": 0.0,
          "bodyTime": 33578.0,
          "writeTime": 0.0,
          "nice": 17,
          "period": 600000,
          "index": 4
        },
        {
          "id": 6,
          "startTime": 0,
          "readTime": 0.0,
          "bodyTime": 49185.0,
          "writeTime": 0.0,
          "nice": 1,
          "period": 500000,
          "index": 5
        }
      ]
    }
  ]
}