{
  "idNameMap": {
    "1": "task1",
    "2": "task2",
    "3": "task3",
    "4": "task4",
    "5": "task5",
    "6": "task6"
  },
  "mappingInfo": [
    {
      "coreID": 1,
      "tasks": [
        {
          "id": 1,
          "startTime": 0,
          "readTime": 0.0,
          "bodyTime": 44951.0,
          "writeTime": 0.0,
          "nice": 17,
          "period": 600000,
          "index": 0
        },
        {
          "id": 2,
          "startTime": 0,
          "readTime": 0.0,
          "bodyTime": 106096.0,
          "writeTime": 0.0,
          "nice": 7,
          "period": 1000000,
          "index": 1
        },
        {
          "id": 3,
          "startTime": 0,
          "readTime": 0.0,
          "bodyTime": 88867.0,
          "writeTime": 0.0,
          "nice": 8,
          "period": 700000,
          "index": 2
        },
        {
          "id": 4,
          "startTime": 0,
          "readTime": 0.0,
          "bodyTime": 18210.0,
          "writeTime": 0.0,
          "nice": 13,
          "period": 300000,
          "index": 3
        },
        {
          "id": 5,
          "startTime": 0,
          "readTime": 0.0,
          "bodyTime": 600.0,
          "writeTime": 0.0,
          "nice": 14,
          "period": 600000,
          "index": 4
        },
        {
          "id": 6,
          "startTime": 0,
          "readTime": 0.0,
          "bodyTime": 30337.0,
          "writeTime": 0.0,
          "nice": 10,
          "period": 1000000,
          "index": 5
        }
      ]
    }
  ]
}