{
  "idNameMap": {
    "1": "task1",
    "2": "task2",
    "3": "task3",
    "4": "task4",
    "5": "task5",
    "6": "task6"
  },
  "mappingInfo": [
    {
      "coreID": 1,
      "tasks": [
        {
          "id": 1,
          "startTime": 0,
          "readTime": 0.0,
          "bodyTime": 14698.0,
          "writeTime": 0.0,
          "nice": 17,
          "period": 300000,
          "index": 0
        },
        {
          "id": 2,
          "startTime": 0,
          "readTime": 0.0,
          "bodyTime": 7679.0,
          "writeTime": 0.0,
          "nice": 8,
          "period": 800000,
          "index": 1
        },
        {
          "id": 3,
          "startTime": 0,
          "readTime": 0.0,
          "bodyTime": 1022.0,
          "writeTime": 0.0,
          "nice": 1,
          "period": 40000,
          "index": 2
        },
        {
          "id": 4,
          "startTime": 0,
          "readTime": 0.0,
          "bodyTime": 59044.0,
          "writeTime": 0.0,
          "nice": 1,
          "period": 1000000,
          "index": 3
        },
        {
          "id": 5,
          "startTime": 0,
          "readTime": 0.0,
          "bodyTime": 500.0,
          "writeTime": 0.0,
          "nice": 7,
          "period": 500000,
          "index": 4
        },
        {
          "id": 6,
          "startTime": 0,
          "readTime": 0.0,
          "bodyTime": 55822.0,
          "writeTime": 0.0,
          "nice": 19,
          "period": 1000000,
          "index": 5
        }
      ]
    }
  ]
}