{
  "idNameMap": {
    "1": "task1",
    "2": "task2",
    "3": "task3",
    "4": "task4",
    "5": "task5",
    "6": "task6"
  },
  "mappingInfo": [
    {
      "coreID": 1,
      "tasks": [
        {
          "id": 1,
          "startTime": 0,
          "readTime": 0.0,
          "bodyTime": 16866.0,
          "writeTime": 0.0,
          "nice": 4,
          "period": 1000000,
          "index": 0
        },
        {
          "id": 2,
          "startTime": 0,
          "readTime": 0.0,
          "bodyTime": 14890.0,
          "writeTime": 0.0,
          "nice": 15,
          "period": 300000,
          "index": 1
        },
        {
          "id": 3,
          "startTime": 0,
          "readTime": 0.0,
          "bodyTime": 49623.0,
          "writeTime": 0.0,
          "nice": 4,
          "period": 900000,
          "index": 2
        },
        {
          "id": 4,
          "startTime": 0,
          "readTime": 0.0,
          "bodyTime": 37886.0,
          "writeTime": 0.0,
          "nice": 4,
          "period": 700000,
          "index": 3
        },
        {
          "id": 5,
          "startTime": 0,
          "readTime": 0.0,
          "bodyTime": 70.0,
          "writeTime": 0.0,
          "nice": 16,
          "period": 70000,
          "index": 4
        },
        {
          "id": 6,
          "startTime": 0,
          "readTime": 0.0,
          "bodyTime": 6974.0,
          "writeTime": 0.0,
          "nice": 0,
          "period": 300000,
          "index": 5
        }
      ]
    }
  ]
}