{
  "idNameMap": {
    "1": "task1",
    "2": "task2",
    "3": "task3",
    "4": "task4",
    "5": "task5",
    "6": "task6"
  },
  "mappingInfo": [
    {
      "coreID": 1,
      "tasks": [
        {
          "id": 1,
          "startTime": 0,
          "readTime": 0.0,
          "bodyTime": 438.0,
          "writeTime": 0.0,
          "nice": 8,
          "period": 20000,
          "index": 0
        },
        {
          "id": 2,
          "startTime": 0,
          "readTime": 0.0,
          "bodyTime": 3939.0,
          "writeTime": 0.0,
          "nice": 16,
          "period": 200000,
          "index": 1
        },
        {
          "id": 3,
          "startTime": 0,
          "readTime": 0.0,
          "bodyTime": 19202.0,
          "writeTime": 0.0,
          "nice": 6,
          "period": 300000,
          "index": 2
        },
        {
          "id": 4,
          "startTime": 0,
          "readTime": 0.0,
          "bodyTime": 4920.0,
          "writeTime": 0.0,
          "nice": 6,
          "period": 600000,
          "index": 3
        },
        {
          "id": 5,
          "startTime": 0,
          "readTime": 0.0,
          "bodyTime": 3060.0,
          "writeTime": 0.0,
          "nice": 14,
          "period": 400000,
          "index": 4
        },
        {
          "id": 6,
          "startTime": 0,
          "readTime": 0.0,
          "bodyTime": 70712.0,
          "writeTime": 0.0,
          "nice": 6,
          "period": 900000,
          "index": 5
        }
      ]
    }
  ]
}