{
  "idNameMap": {
    "1": "task1",
    "2": "task2",
    "3": "task3",
    "4": "task4",
    "5": "task5",
    "6": "task6"
  },
  "mappingInfo": [
    {
      "coreID": 1,
      "tasks": [
        {
          "id": 1,
          "startTime": 0,
          "readTime": 0.0,
          "bodyTime": 32866.0,
          "writeTime": 0.0,
          "nice": 2,
          "period": 500000,
          "index": 0
        },
        {
          "id": 2,
          "startTime": 0,
          "readTime": 0.0,
          "bodyTime": 30598.0,
          "writeTime": 0.0,
          "nice": 2,
          "period": 1000000,
          "index": 1
        },
        {
          "id": 3,
          "startTime": 0,
          "readTime": 0.0,
          "bodyTime": 1751.0,
          "writeTime": 0.0,
          "nice": 10,
          "period": 100000,
          "index": 2
        },
        {
          "id": 4,
          "startTime": 0,
          "readTime": 0.0,
          "bodyTime": 14386.0,
          "writeTime": 0.0,
          "nice": 8,
          "period": 300000,
          "index": 3
        },
        {
          "id": 5,
          "startTime": 0,
          "readTime": 0.0,
          "bodyTime": 10759.0,
          "writeTime": 0.0,
          "nice": 14,
          "period": 400000,
          "index": 4
        },
        {
          "id": 6,
          "startTime": 0,
          "readTime": 0.0,
          "bodyTime": 7923.0,
          "writeTime": 0.0,
          "nice": 5,
          "period": 700000,
          "index": 5
        }
      ]
    }
  ]
}