{
  "idNameMap": {
    "1": "task1",
    "2": "task2",
    "3": "task3",
    "4": "task4",
    "5": "task5",
    "6": "task6"
  },
  "mappingInfo": [
    {
      "coreID": 1,
      "tasks": [
        {
          "id": 1,
          "startTime": 0,
          "readTime": 0.0,
          "bodyTime": 1800.0,
          "writeTime": 0.0,
          "nice": 5,
          "period": 30000,
          "index": 0
        },
        {
          "id": 2,
          "startTime": 0,
          "readTime": 0.0,
          "bodyTime": 5066.0,
          "writeTime": 0.0,
          "nice": 7,
          "period": 900000,
          "index": 1
        },
        {
          "id": 3,
          "startTime": 0,
          "readTime": 0.0,
          "bodyTime": 12114.0,
          "writeTime": 0.0,
          "nice": 11,
          "period": 500000,
          "index": 2
        },
        {
          "id": 4,
          "startTime": 0,
          "readTime": 0.0,
          "bodyTime": 31356.0,
          "writeTime": 0.0,
          "nice": 14,
          "period": 900000,
          "index": 3
        },
        {
          "id": 5,
          "startTime": 0,
          "readTime": 0.0,
          "bodyTime": 10580.0,
          "writeTime": 0.0,
          "nice": 13,
          "period": 500000,
          "index": 4
        },
        {
          "id": 6,
          "startTime": 0,
          "readTime": 0.0,
          "bodyTime": 37915.0,
          "writeTime": 0.0,
          "nice": 2,
          "period": 700000,
          "index": 5
        }
      ]
    }
  ]
}