{
  "idNameMap": {
    "1": "task1",
    "2": "task2",
    "3": "task3",
    "4": "task4",
    "5": "task5",
    "6": "task6"
  },
  "mappingInfo": [
    {
      "coreID": 1,
      "tasks": [
        {
          "id": 1,
          "startTime": 0,
          "readTime": 0.0,
          "bodyTime": 8211.0,
          "writeTime": 0.0,
          "nice": 4,
          "period": 600000,
          "index": 0
        },
        {
          "id": 2,
          "startTime": 0,
          "readTime": 0.0,
          "bodyTime": 593.0,
          "writeTime": 0.0,
          "nice": 6,
          "period": 20000,
          "index": 1
        },
        {
          "id": 3,
          "startTime": 0,
          "readTime": 0.0,
          "bodyTime": 5107.0,
          "writeTime": 0.0,
          "nice": 5,
          "period": 100000,
          "index": 2
        },
        {
          "id": 4,
          "startTime": 0,
          "readTime": 0.0,
          "bodyTime": 27916.0,
          "writeTime": 0.0,
          "nice": 9,
          "period": 500000,
          "index": 3
        },
        {
          "id": 5,
          "startTime": 0,
          "readTime": 0.0,
          "bodyTime": 254.0,
          "writeTime": 0.0,
          "nice": 8,
          "period": 80000,
          "index": 4
        },
        {
          "id": 6,
          "startTime": 0,
          "readTime": 0.0,
          "bodyTime": 18647.0,
          "writeTime": 0.0,
          "nice": 19,
          "period": 400000,
          "index": 5
        }
      ]
    }
  ]
}