{
  "idNameMap": {
    "1": "task1",
    "2": "task2",
    "3": "task3",
    "4": "task4",
    "5": "task5",
    "6": "task6"
  },
  "mappingInfo": [
    {
      "coreID": 1,
      "tasks": [
        {
          "id": 1,
          "startTime": 0,
          "readTime": 0.0,
          "bodyTime": 22658.0,
          "writeTime": 0.0,
          "nice": 17,
          "period": 500000,
          "index": 0
        },
        {
          "id": 2,
          "startTime": 0,
          "readTime": 0.0,
          "bodyTime": 2917.0,
          "writeTime": 0.0,
          "nice": 7,
          "period": 200000,
          "index": 1
        },
        {
          "id": 3,
          "startTime": 0,
          "readTime": 0.0,
          "bodyTime": 38541.0,
          "writeTime": 0.0,
          "nice": 13,
          "period": 600000,
          "index": 2
        },
        {
          "id": 4,
          "startTime": 0,
          "readTime": 0.0,
          "bodyTime": 248.0,
          "writeTime": 0.0,
          "nice": 5,
          "period": 200000,
          "index": 3
        },
        {
          "id": 5,
          "startTime": 0,
          "readTime": 0.0,
          "bodyTime": 1873.0,
          "writeTime": 0.0,
          "nice": 12,
          "period": 500000,
          "index": 4
        },
        {
          "id": 6,
          "startTime": 0,
          "readTime": 0.0,
          "bodyTime": 49623.0,
          "writeTime": 0.0,
          "nice": 15,
          "period": 700000,
          "index": 5
        }
      ]
    }
  ]
}