{
  "idNameMap": {
    "1": "task1",
    "2": "task2",
    "3": "task3",
    "4": "task4",
    "5": "task5",
    "6": "task6"
  },
  "mappingInfo": [
    {
      "coreID": 1,
      "tasks": [
        {
          "id": 1,
          "startTime": 0,
          "readTime": 0.0,
          "bodyTime": 5540.0,
          "writeTime": 0.0,
          "nice": 4,
          "period": 90000,
          "index": 0
        },
        {
          "id": 2,
          "startTime": 0,
          "readTime": 0.0,
          "bodyTime": 45304.0,
          "writeTime": 0.0,
          "nice": 0,
          "period": 1000000,
          "index": 1
        },
        {
          "id": 3,
          "startTime": 0,
          "readTime": 0.0,
          "bodyTime": 14177.0,
          "writeTime": 0.0,
          "nice": 12,
          "period": 300000,
          "index": 2
        },
        {
          "id": 4,
          "startTime": 0,
          "readTime": 0.0,
          "bodyTime": 15929.0,
          "writeTime": 0.0,
          "nice": 12,
          "period": 500000,
          "index": 3
        },
        {
          "id": 5,
          "startTime": 0,
          "readTime": 0.0,
          "bodyTime": 400.0,
          "writeTime": 0.0,
          "nice": 12,
          "period": 400000,
          "index": 4
        },
        {
          "id": 6,
          "startTime": 0,
          "readTime": 0.0,
          "bodyTime": 13030.0,
          "writeTime": 0.0,
          "nice": 15,
          "period": 1000000,
          "index": 5
        }
      ]
    }
  ]
}