{
  "idNameMap": {
    "1": "task1",
    "2": "task2",
    "3": "task3",
    "4": "task4",
    "5": "task5",
    "6": "task6"
  },
  "mappingInfo": [
    {
      "coreID": 1,
      "tasks": [
        {
          "id": 1,
          "startTime": 0,
          "readTime": 0.0,
          "bodyTime": 2811.0,
          "writeTime": 0.0,
          "nice": 2,
          "period": 50000,
          "index": 0
        },
        {
          "id": 2,
          "startTime": 0,
          "readTime": 0.0,
          "bodyTime": 22426.0,
          "writeTime": 0.0,
          "nice": 0,
          "period": 700000,
          "index": 1
        },
        {
          "id": 3,
          "startTime": 0,
          "readTime": 0.0,
          "bodyTime": 1778.0,
          "writeTime": 0.0,
          "nice": 7,
          "period": 800000,
          "index": 2
        },
        {
          "id": 4,
          "startTime": 0,
          "readTime": 0.0,
          "bodyTime": 282.0,
          "writeTime": 0.0,
          "nice": 8,
          "period": 10000,
          "index": 3
        },
        {
          "id": 5,
          "startTime": 0,
          "readTime": 0.0,
          "bodyTime": 31197.0,
          "writeTime": 0.0,
          "nice": 7,
          "period": 1000000,
          "index": 4
        },
        {
          "id": 6,
          "startTime": 0,
          "readTime": 0.0,
          "bodyTime": 2509.0,
          "writeTime": 0.0,
          "nice": 8,
          "period": 50000,
          "index": 5
        }
      ]
    }
  ]
}