{
  "idNameMap": {
    "1": "task1",
    "2": "task2",
    "3": "task3",
    "4": "task4",
    "5": "task5",
    "6": "task6"
  },
  "mappingInfo": [
    {
      "coreID": 1,
      "tasks": [
        {
          "id": 1,
          "startTime": 0,
          "readTime": 0.0,
          "bodyTime": 17267.0,
          "writeTime": 0.0,
          "nice": 14,
          "period": 400000,
          "index": 0
        },
        {
          "id": 2,
          "startTime": 0,
          "readTime": 0.0,
          "bodyTime": 47938.0,
          "writeTime": 0.0,
          "nice": 7,
          "period": 900000,
          "index": 1
        },
        {
          "id": 3,
          "startTime": 0,
          "readTime": 0.0,
          "bodyTime": 6106.0,
          "writeTime": 0.0,
          "nice": 17,
          "period": 700000,
          "index": 2
        },
        {
          "id": 4,
          "startTime": 0,
          "readTime": 0.0,
          "bodyTime": 34513.0,
          "writeTime": 0.0,
          "nice": 16,
          "period": 600000,
          "index": 3
        },
        {
          "id": 5,
          "startTime": 0,
          "readTime": 0.0,
          "bodyTime": 21204.0,
          "writeTime": 0.0,
          "nice": 18,
          "period": 1000000,
          "index": 4
        },
        {
          "id": 6,
          "startTime": 0,
          "readTime": 0.0,
          "bodyTime": 323.0,
          "writeTime": 0.0,
          "nice": 2,
          "period": 20000,
          "index": 5
        }
      ]
    }
  ]
}