{
  "idNameMap": {
    "1": "task1",
    "2": "task2",
    "3": "task3",
    "4": "task4",
    "5": "task5",
    "6": "task6"
  },
  "mappingInfo": [
    {
      "coreID": 1,
      "tasks": [
        {
          "id": 1,
          "startTime": 0,
          "readTime": 0.0,
          "bodyTime": 61863.0,
          "writeTime": 0.0,
          "nice": 14,
          "period": 1000000,
          "index": 0
        },
        {
          "id": 2,
          "startTime": 0,
          "readTime": 0.0,
          "bodyTime": 10156.0,
          "writeTime": 0.0,
          "nice": 2,
          "period": 200000,
          "index": 1
        },
        {
          "id": 3,
          "startTime": 0,
          "readTime": 0.0,
          "bodyTime": 30469.0,
          "writeTime": 0.0,
          "nice": 14,
          "period": 500000,
          "index": 2
        },
        {
          "id": 4,
          "startTime": 0,
          "readTime": 0.0,
          "bodyTime": 900.0,
          "writeTime": 0.0,
          "nice": 1,
          "period": 900000,
          "index": 3
        },
        {
          "id": 5,
          "startTime": 0,
          "readTime": 0.0,
          "bodyTime": 200.0,
          "writeTime": 0.0,
          "nice": 17,
          "period": 200000,
          "index": 4
        },
        {
          "id": 6,
          "startTime": 0,
          "readTime": 0.0,
          "bodyTime": 24421.0,
          "writeTime": 0.0,
          "nice": 7,
          "period": 1000000,
          "index": 5
        }
      ]
    }
  ]
}