{
  "idNameMap": {
    "1": "task1",
    "2": "task2",
    "3": "task3",
    "4": "task4",
    "5": "task5",
    "6": "task6"
  },
  "mappingInfo": [
    {
      "coreID": 1,
      "tasks": [
        {
          "id": 1,
          "startTime": 0,
          "readTime": 0.0,
          "bodyTime": 3017.0,
          "writeTime": 0.0,
          "nice": 2,
          "period": 400000,
          "index": 0
        },
        {
          "id": 2,
          "startTime": 0,
          "readTime": 0.0,
          "bodyTime": 42924.0,
          "writeTime": 0.0,
          "nice": 1,
          "period": 800000,
          "index": 1
        },
        {
          "id": 3,
          "startTime": 0,
          "readTime": 0.0,
          "bodyTime": 18148.0,
          "writeTime": 0.0,
          "nice": 13,
          "period": 300000,
          "index": 2
        },
        {
          "id": 4,
          "startTime": 0,
          "readTime": 0.0,
          "bodyTime": 3296.0,
          "writeTime": 0.0,
          "nice": 3,
          "period": 50000,
          "index": 3
        },
        {
          "id": 5,
          "startTime": 0,
          "readTime": 0.0,
          "bodyTime": 700.0,
          "writeTime": 0.0,
          "nice": 12,
          "period": 700000,
          "index": 4
        },
        {
          "id": 6,
          "startTime": 0,
          "readTime": 0.0,
          "bodyTime": 3420.0,
          "writeTime": 0.0,
          "nice": 17,
          "period": 300000,
          "index": 5
        }
      ]
    }
  ]
}