{
  "idNameMap": {
    "1": "task1",
    "2": "task2",
    "3": "task3",
    "4": "task4",
    "5": "task5",
    "6": "task6"
  },
  "mappingInfo": [
    {
      "coreID": 1,
      "tasks": [
        {
          "id": 1,
          "startTime": 0,
          "readTime": 0.0,
          "bodyTime": 34266.0,
          "writeTime": 0.0,
          "nice": 5,
          "period": 900000,
          "index": 0
        },
        {
          "id": 2,
          "startTime": 0,
          "readTime": 0.0,
          "bodyTime": 16611.0,
          "writeTime": 0.0,
          "nice": 14,
          "period": 800000,
          "index": 1
        },
        {
          "id": 3,
          "startTime": 0,
          "readTime": 0.0,
          "bodyTime": 25385.0,
          "writeTime": 0.0,
          "nice": 9,
          "period": 500000,
          "index": 2
        },
        {
          "id": 4,
          "startTime": 0,
          "readTime": 0.0,
          "bodyTime": 118.0,
          "writeTime": 0.0,
          "nice": 12,
          "period": 40000,
          "index": 3
        },
        {
          "id": 5,
          "startTime": 0,
          "readTime": 0.0,
          "bodyTime": 15106.0,
          "writeTime": 0.0,
          "nice": 7,
          "period": 300000,
          "index": 4
        },
        {
          "id": 6,
          "startTime": 0,
          "readTime": 0.0,
          "bodyTime": 18554.0,
          "writeTime": 0.0,
          "nice": 0,
          "period": 500000,
          "index": 5
        }
      ]
    }
  ]
}