{
  "idNameMap": {
    "1": "task1",
    "2": "task2",
    "3": "task3"
  },
  "mappingInfo": [
    {
      "coreID": 1,
      "tasks": [
        {
          "id": 1,
          "startTime": 0,
          "readTime": 0.0,
          "bodyTime": 47014.0,
          "writeTime": 0.0,
          "nice": 15,
          "period": 700000,
          "index": 0
        },
        {
          "id": 2,
          "startTime": 0,
          "readTime": 0.0,
          "bodyTime": 215102.0,
          "writeTime": 0.0,
          "nice": 18,
          "period": 1000000,
          "index": 1
        },
        {
          "id": 3,
          "startTime": 0,
          "readTime": 0.0,
          "bodyTime": 35322.0,
          "writeTime": 0.0,
          "nice": 3,
          "period": 300000,
          "index": 2
        }
      ]
    }
  ]
}