{
  "idNameMap": {
    "1": "task1",
    "2": "task2",
    "3": "task3"
  },
  "mappingInfo": [
    {
      "coreID": 1,
      "tasks": [
        {
          "id": 1,
          "startTime": 0,
          "readTime": 0.0,
          "bodyTime": 119370.0,
          "writeTime": 0.0,
          "nice": 5,
          "period": 700000,
          "index": 0
        },
        {
          "id": 2,
          "startTime": 0,
          "readTime": 0.0,
          "bodyTime": 10832.0,
          "writeTime": 0.0,
          "nice": 11,
          "period": 1000000,
          "index": 1
        },
        {
          "id": 3,
          "startTime": 0,
          "readTime": 0.0,
          "bodyTime": 218640.0,
          "writeTime": 0.0,
          "nice": 13,
          "period": 1000000,
          "index": 2
        }
      ]
    }
  ]
}