{
  "idNameMap": {
    "1": "task1",
    "2": "task2",
    "3": "task3"
  },
  "mappingInfo": [
    {
      "coreID": 1,
      "tasks": [
        {
          "id": 1,
          "startTime": 0,
          "readTime": 0.0,
          "bodyTime": 56863.0,
          "writeTime": 0.0,
          "nice": 1,
          "period": 600000,
          "index": 0
        },
        {
          "id": 2,
          "startTime": 0,
          "readTime": 0.0,
          "bodyTime": 76934.0,
          "writeTime": 0.0,
          "nice": 17,
          "period": 700000,
          "index": 1
        },
        {
          "id": 3,
          "startTime": 0,
          "readTime": 0.0,
          "bodyTime": 97663.0,
          "writeTime": 0.0,
          "nice": 9,
          "period": 500000,
          "index": 2
        }
      ]
    }
  ]
}