{
  "idNameMap": {
    "1": "task1",
    "2": "task2",
    "3": "task3"
  },
  "mappingInfo": [
    {
      "coreID": 1,
      "tasks": [
        {
          "id": 1,
          "startTime": 0,
          "readTime": 0.0,
          "bodyTime": 61569.0,
          "writeTime": 0.0,
          "nice": 19,
          "period": 700000,
          "index": 0
        },
        {
          "id": 2,
          "startTime": 0,
          "readTime": 0.0,
          "bodyTime": 180322.0,
          "writeTime": 0.0,
          "nice": 3,
          "period": 900000,
          "index": 1
        },
        {
          "id": 3,
          "startTime": 0,
          "readTime": 0.0,
          "bodyTime": 111689.0,
          "writeTime": 0.0,
          "nice": 18,
          "period": 1000000,
          "index": 2
        }
      ]
    }
  ]
}