{
  "idNameMap": {
    "1": "task1",
    "2": "task2",
    "3": "task3"
  },
  "mappingInfo": [
    {
      "coreID": 1,
      "tasks": [
        {
          "id": 1,
          "startTime": 0,
          "readTime": 0.0,
          "bodyTime": 1129.0,
          "writeTime": 0.0,
          "nice": 4,
          "period": 10000,
          "index": 0
        },
        {
          "id": 2,
          "startTime": 0,
          "readTime": 0.0,
          "bodyTime": 48559.0,
          "writeTime": 0.0,
          "nice": 10,
          "period": 200000,
          "index": 1
        },
        {
          "id": 3,
          "startTime": 0,
          "readTime": 0.0,
          "bodyTime": 35476.0,
          "writeTime": 0.0,
          "nice": 18,
          "period": 800000,
          "index": 2
        }
      ]
    }
  ]
}