{
  "idNameMap": {
    "1": "task1",
    "2": "task2",
    "3": "task3"
  },
  "mappingInfo": [
    {
      "coreID": 1,
      "tasks": [
        {
          "id": 1,
          "startTime": 0,
          "readTime": 0.0,
          "bodyTime": 12246.0,
          "writeTime": 0.0,
          "nice": 5,
          "period": 70000,
          "index": 0
        },
        {
          "id": 2,
          "startTime": 0,
          "readTime": 0.0,
          "bodyTime": 69447.0,
          "writeTime": 0.0,
          "nice": 3,
          "period": 500000,
          "index": 1
        },
        {
          "id": 3,
          "startTime": 0,
          "readTime": 0.0,
          "bodyTime": 1724.0,
          "writeTime": 0.0,
          "nice": 18,
          "period": 20000,
          "index": 2
        }
      ]
    }
  ]
}