{
  "idNameMap": {
    "1": "task1",
    "2": "task2",
    "3": "task3"
  },
  "mappingInfo": [
    {
      "coreID": 1,
      "tasks": [
        {
          "id": 1,
          "startTime": 0,
          "readTime": 0.0,
          "bodyTime": 47469.0,
          "writeTime": 0.0,
          "nice": 11,
          "period": 1000000,
          "index": 0
        },
        {
          "id": 2,
          "startTime": 0,
          "readTime": 0.0,
          "bodyTime": 60461.0,
          "writeTime": 0.0,
          "nice": 17,
          "period": 600000,
          "index": 1
        },
        {
          "id": 3,
          "startTime": 0,
          "readTime": 0.0,
          "bodyTime": 251765.0,
          "writeTime": 0.0,
          "nice": 16,
          "period": 1000000,
          "index": 2
        }
      ]
    }
  ]
}