{
  "idNameMap": {
    "1": "task1",
    "2": "task2",
    "3": "task3"
  },
  "mappingInfo": [
    {
      "coreID": 1,
      "tasks": [
        {
          "id": 1,
          "startTime": 0,
          "readTime": 0.0,
          "bodyTime": 129696.0,
          "writeTime": 0.0,
          "nice": 10,
          "period": 500000,
          "index": 0
        },
        {
          "id": 2,
          "startTime": 0,
          "readTime": 0.0,
          "bodyTime": 90.0,
          "writeTime": 0.0,
          "nice": 8,
          "period": 90000,
          "index": 1
        },
        {
          "id": 3,
          "startTime": 0,
          "readTime": 0.0,
          "bodyTime": 111687.0,
          "writeTime": 0.0,
          "nice": 17,
          "period": 800000,
          "index": 2
        }
      ]
    }
  ]
}