{
  "idNameMap": {
    "1": "task1",
    "2": "task2",
    "3": "task3"
  },
  "mappingInfo": [
    {
      "coreID": 1,
      "tasks": [
        {
          "id": 1,
          "startTime": 0,
          "readTime": 0.0,
          "bodyTime": 57517.0,
          "writeTime": 0.0,
          "nice": 3,
          "period": 800000,
          "index": 0
        },
        {
          "id": 2,
          "startTime": 0,
          "readTime": 0.0,
          "bodyTime": 56805.0,
          "writeTime": 0.0,
          "nice": 6,
          "period": 600000,
          "index": 1
        },
        {
          "id": 3,
          "startTime": 0,
          "readTime": 0.0,
          "bodyTime": 23343.0,
          "writeTime": 0.0,
          "nice": 4,
          "period": 100000,
          "index": 2
        }
      ]
    }
  ]
}