{
  "idNameMap": {
    "1": "task1",
    "2": "task2",
    "3": "task3",
    "4": "task4",
    "5": "task5",
    "6": "task6",
    "7": "task7",
    "8": "task8",
    "9": "task9"
  },
  "mappingInfo": [
    {
      "coreID": 1,
      "tasks": [
        {
          "id": 1,
          "startTime": 0,
          "readTime": 0.0,
          "bodyTime": 39882,
          "writeTime": 0.0,
          "nice": -14,
          "period": 300000.0,
          "initialPriority": -1,
          "index": 0
        },
        {
          "id": 2,
          "startTime": 0,
          "readTime": 0.0,
          "bodyTime": 2292,
          "writeTime": 0.0,
          "nice": -19,
          "period": 100000.0,
          "initialPriority": -1,
          "index": 1
        },
        {
          "id": 3,
          "startTime": 0,
          "readTime": 0.0,
          "bodyTime": 72740,
          "writeTime": 0.0,
          "nice": -8,
          "period": 1000000.0,
          "initialPriority": -1,
          "index": 2
        },
        {
          "id": 4,
          "startTime": 0,
          "readTime": 0.0,
          "bodyTime": 6574,
          "writeTime": 0.0,
          "nice": -14,
          "period": 300000.0,
          "initialPriority": -1,
          "index": 3
        },
        {
          "id": 5,
          "startTime": 0,
          "readTime": 0.0,
          "bodyTime": 14298,
          "writeTime": 0.0,
          "nice": -19,
          "period": 100000.0,
          "initialPriority": -1,
          "index": 4
        },
        {
          "id": 6,
          "startTime": 0,
          "readTime": 0.0,
          "bodyTime": 1310,
          "writeTime": 0.0,
          "nice": -19,
          "period": 100000.0,
          "initialPriority": -1,
          "index": 5
        },
        {
          "id": 7,
          "startTime": 0,
          "readTime": 0.0,
          "bodyTime": 83958,
          "writeTime": 0.0,
          "nice": -8,
          "period": 1000000.0,
          "initialPriority": -1,
          "index": 6
        },
        {
          "id": 8,
          "startTime": 0,
          "readTime": 0.0,
          "bodyTime": 2413,
          "writeTime": 0.0,
          "nice": -15,
          "period": 200000.0,
          "initialPriority": -1,
          "index": 7
        },
        {
          "id": 9,
          "startTime": 0,
          "readTime": 0.0,
          "bodyTime": 9742,
          "writeTime": 0.0,
          "nice": -19,
          "period": 100000.0,
          "initialPriority": -1,
          "index": 8
        }
      ]
    }
  ]
}