{
  "idNameMap": {
    "1": "task1",
    "2": "task2",
    "3": "task3",
    "4": "task4",
    "5": "task5",
    "6": "task6",
    "7": "task7",
    "8": "task8",
    "9": "task9"
  },
  "mappingInfo": [
    {
      "coreID": 1,
      "tasks": [
        {
          "id": 1,
          "startTime": 0,
          "readTime": 0.0,
          "bodyTime": 3005,
          "writeTime": 0.0,
          "nice": -19,
          "period": 30000.0,
          "initialPriority": -1,
          "index": 0
        },
        {
          "id": 2,
          "startTime": 0,
          "readTime": 0.0,
          "bodyTime": 15945,
          "writeTime": 0.0,
          "nice": -3,
          "period": 1000000.0,
          "initialPriority": -1,
          "index": 1
        },
        {
          "id": 3,
          "startTime": 0,
          "readTime": 0.0,
          "bodyTime": 1044,
          "writeTime": 0.0,
          "nice": -10,
          "period": 200000.0,
          "initialPriority": -1,
          "index": 2
        },
        {
          "id": 4,
          "startTime": 0,
          "readTime": 0.0,
          "bodyTime": 3071,
          "writeTime": 0.0,
          "nice": -19,
          "period": 30000.0,
          "initialPriority": -1,
          "index": 3
        },
        {
          "id": 5,
          "startTime": 0,
          "readTime": 0.0,
          "bodyTime": 48296,
          "writeTime": 0.0,
          "nice": -10,
          "period": 200000.0,
          "initialPriority": -1,
          "index": 4
        },
        {
          "id": 6,
          "startTime": 0,
          "readTime": 0.0,
          "bodyTime": 826,
          "writeTime": 0.0,
          "nice": -10,
          "period": 200000.0,
          "initialPriority": -1,
          "index": 5
        },
        {
          "id": 7,
          "startTime": 0,
          "readTime": 0.0,
          "bodyTime": 70314,
          "writeTime": 0.0,
          "nice": -3,
          "period": 1000000.0,
          "initialPriority": -1,
          "index": 6
        },
        {
          "id": 8,
          "startTime": 0,
          "readTime": 0.0,
          "bodyTime": 2883,
          "writeTime": 0.0,
          "nice": -10,
          "period": 200000.0,
          "initialPriority": -1,
          "index": 7
        },
        {
          "id": 9,
          "startTime": 0,
          "readTime": 0.0,
          "bodyTime": 46008,
          "writeTime": 0.0,
          "nice": -3,
          "period": 1000000.0,
          "initialPriority": -1,
          "index": 8
        }
      ]
    }
  ]
}